name,source_type,url,retrieved_at,license_notes,source_file
"Net overseas migration by visa group and state, 2004 onwards",api,"https://data.api.abs.gov.au/rest/data/ABS,ABS_NOM_VISA_CY,1.0.0/all?format=csvfilewithlabels",2026-08-08 14:26:36,CC BY 4.0,bronze/abs-migration/abs_nom-arrivals-departures-by-visa_calendar-year.csv
"Net overseas migration by visa group and state, FY2004-05 onwards",api,"https://data.api.abs.gov.au/rest/data/ABS,ABS_NOM_VISA_FY,1.0.0/all?format=csvfilewithlabels",2026-08-08 14:26:36,CC BY 4.0,bronze/abs-migration/abs_nom-arrivals-departures-by-visa_financial-year.csv
Which courses are delivered at which campus,csv,https://data.gov.au/data/dataset/e5ae7059-bfa8-4fa4-a5c0-c13cf3520193/resource/4cd2de02-8ba3-4eb2-bac2-fe272cae3f5f/download/cricos-course-locations.csv,2026-08-08 14:26:36,CC BY 2.5 AU,bronze/cricos-register/cricos_course-locations_asat-2026-08-09.csv
"26,738 courses with ASCED field of education, level and tuition fees",csv,https://data.gov.au/data/dataset/e5ae7059-bfa8-4fa4-a5c0-c13cf3520193/resource/48cacf69-2082-415e-9595-f17d0c3a4af0/download/cricos-courses.csv,2026-08-08 14:26:36,CC BY 2.5 AU,bronze/cricos-register/cricos_courses_asat-2026-08-09.csv
"1,552 CRICOS providers with Government/Private type and capacity",csv,https://data.gov.au/data/dataset/e5ae7059-bfa8-4fa4-a5c0-c13cf3520193/resource/7f6941f3-5327-4db7-b556-5f16d77f63c1/download/cricos-institutions.csv,2026-08-08 14:26:36,CC BY 2.5 AU,bronze/cricos-register/cricos_institutions_asat-2026-08-09.csv
Physical campus locations for geospatial joins,csv,https://data.gov.au/data/dataset/e5ae7059-bfa8-4fa4-a5c0-c13cf3520193/resource/45d29535-1360-4486-8242-3850e61b5524/download/cricos-locations.csv,2026-08-08 14:26:36,CC BY 2.5 AU,bronze/cricos-register/cricos_locations_asat-2026-08-09.csv
Monthly point-in-time snapshot -- one frame of the provider entry/exit panel,scrape,https://data.gov.au/data/dataset/e5ae7059-bfa8-4fa4-a5c0-c13cf3520193/resource/051a159a-182b-4ca7-a4ff-8cafce78181d/download/cricos-providers-courses-and-locations-as-at-2026-7-1-10-38-49.xlsx,2026-08-08 14:26:36,CC BY 2.5 AU,bronze/cricos-register/cricos_providers-courses-locations_asat-2026-07-01.xlsx
HESSC award course completions,scrape,https://www.education.gov.au/download/19509/perturbed-award-course-completions-pivot-table-2024/41973/document/xlsx,2026-08-08 14:26:39,CC BY 4.0,bronze/education-higher-ed/education_he-course-completions-pivot_2024.xlsx
"HESSC enrolments -- domestic AND international, by field of education",scrape,https://www.education.gov.au/download/19507/perturbed-student-enrolments-pivot-table-2024/41971/document/xlsx,2026-08-08 14:26:37,CC BY 4.0,bronze/education-higher-ed/education_he-student-enrolments-pivot_2024.xlsx
HESSC student load (EFTSL),scrape,https://www.education.gov.au/download/19508/perturbed-student-load-pivot-table-2024/41972/document/xlsx,2026-08-08 14:26:37,CC BY 4.0,bronze/education-higher-ed/education_he-student-load-pivot_2024.xlsx
HESSC summary time series -- the long domestic comparator,scrape,https://www.education.gov.au/download/19479/2024-student-summary-time-series/41927/document/xlsx,2026-08-08 14:26:39,CC BY 4.0,bronze/education-higher-ed/education_he-student-summary-time-series_2024.xlsx
Monthly summary infographic,scrape,https://www.education.gov.au/download/20217/international-student-data-year-date-ytd/45082/may-2026-summary-infographic/pdf,2026-08-08 14:26:37,CC BY 4.0,bronze/education-international/education_intl-students-summary-infographic_2026-05.pdf
"PRISMS year-to-date international student data, full history",scrape,https://www.education.gov.au/download/20217/international-student-data-year-date-ytd/45085/may-2026-all-data/xlsx,2026-08-08 14:26:37,CC BY 4.0,bronze/education-international/education_intl-students-ytd-all_2026-05.xlsx
"PRISMS year-to-date international student data, current year",scrape,https://www.education.gov.au/download/20217/international-student-data-year-date-ytd/45084/may-2026-latest-data/xlsx,2026-08-08 14:26:36,CC BY 4.0,bronze/education-international/education_intl-students-ytd-latest_2026-05.xlsx
Home Affairs guide to reading the pivot workbooks,scrape,https://data.gov.au/data/dataset/324aa4f7-46bb-4d56-bc2d-772333a2317e/resource/39e7d9ba-ba9d-47e2-9d8f-3708444506a1/download/pivot-table-user-guide-v400.pdf,2026-08-08 14:26:36,CC BY 2.5 AU,bronze/homeaffairs-visas/homeaffairs_pivot-table-user-guide_v4.pdf
"Student visa grant rates, FY2005-06 to 2025-26",scrape,https://data.gov.au/data/dataset/324aa4f7-46bb-4d56-bc2d-772333a2317e/resource/b4775919-d0f5-4beb-8901-6384342774c6/download/bp0015l-student-visa-grant-rates-locked-at-2026-06-30-v100.xlsx,2026-08-08 14:26:36,CC BY 2.5 AU,bronze/homeaffairs-visas/homeaffairs_student-visa-grant-rates_asat-2026-06-30.xlsx
"Student visas granted, FY2005-06 to 2025-26",scrape,https://data.gov.au/data/dataset/324aa4f7-46bb-4d56-bc2d-772333a2317e/resource/dfc7a893-0523-4b8e-bc5a-829e35bec90f/download/bp0015l-student-visas-granted-report-locked-at-2026-06-30-v100.xlsx,2026-08-08 14:26:36,CC BY 2.5 AU,bronze/homeaffairs-visas/homeaffairs_student-visas-granted_asat-2026-06-30.xlsx
"Student visa applications lodged, FY2005-06 to 2025-26",scrape,https://data.gov.au/data/dataset/324aa4f7-46bb-4d56-bc2d-772333a2317e/resource/ef31b2b4-a894-484b-99bc-e35d62ace777/download/bp0015l-student-visas-lodged-report-locked-at-2026-06-30-v100.xlsx,2026-08-08 14:26:36,CC BY 2.5 AU,bronze/homeaffairs-visas/homeaffairs_student-visas-lodged_asat-2026-06-30.xlsx
MD115 -- current visa processing priority direction,scrape,https://immi.homeaffairs.gov.au/support-subsite/files/ministerial-direction-115.pdf,2026-08-08 14:26:36,CC BY 3.0 AU,bronze/legislation-policy/homeaffairs_ministerial-direction-115_2025-11-14.pdf
"170 Acts and instruments mentioning Overseas Students, paged from the API",api,"https://api.prod.legislation.gov.au/v1/titles?$filter=contains(name,'Overseas Students')",2026-08-08 14:26:42,CC BY 4.0,bronze/legislation-policy/legislation_overseas-students-titles_asat-2026-08-09.json
