name,provider_type,state,sector,teqsa_id,cricos_provider_code,source_file
ACAP University College,private,NSW,,,01328A,bronze/cricos-register/cricos_institutions_asat-2026-08-09.csv;bronze/cricos-register/cricos_courses_asat-2026-08-09.csv
ACPE Limited,private,NSW,,,01822J,bronze/cricos-register/cricos_institutions_asat-2026-08-09.csv;bronze/cricos-register/cricos_courses_asat-2026-08-09.csv
AIE Institute Limited,private,ACT,,,03986F,bronze/cricos-register/cricos_institutions_asat-2026-08-09.csv;bronze/cricos-register/cricos_courses_asat-2026-08-09.csv
AUSTRALIAN COLLEGE OF CHRISTIAN STUDIES LTD,private,NSW,,,03375M,bronze/cricos-register/cricos_institutions_asat-2026-08-09.csv;bronze/cricos-register/cricos_courses_asat-2026-08-09.csv
Academies Australasia Polytechnic Pty Limited,private,VIC,,,02439G,bronze/cricos-register/cricos_institutions_asat-2026-08-09.csv;bronze/cricos-register/cricos_courses_asat-2026-08-09.csv
Academy of Interactive Technology,private,NSW,,,02155J,bronze/cricos-register/cricos_institutions_asat-2026-08-09.csv;bronze/cricos-register/cricos_courses_asat-2026-08-09.csv
Acknowledge Education Pty Ltd,private,VIC,,,00197D,bronze/cricos-register/cricos_institutions_asat-2026-08-09.csv;bronze/cricos-register/cricos_courses_asat-2026-08-09.csv
Adelaide Institute of Higher Education Pty Ltd,private,SA,,,03763K,bronze/cricos-register/cricos_institutions_asat-2026-08-09.csv;bronze/cricos-register/cricos_courses_asat-2026-08-09.csv
Adelaide University,public,SA,,,04249J,bronze/cricos-register/cricos_institutions_asat-2026-08-09.csv;bronze/cricos-register/cricos_courses_asat-2026-08-09.csv
Alphacrucis University College Limited,private,NSW,,,00958A,bronze/cricos-register/cricos_institutions_asat-2026-08-09.csv;bronze/cricos-register/cricos_courses_asat-2026-08-09.csv
Amtech Institute Pty Ltd,private,QLD,,,04440K,bronze/cricos-register/cricos_institutions_asat-2026-08-09.csv;bronze/cricos-register/cricos_courses_asat-2026-08-09.csv
Analytics Institute of Australia Pty Ltd,private,VIC,,,04059D,bronze/cricos-register/cricos_institutions_asat-2026-08-09.csv;bronze/cricos-register/cricos_courses_asat-2026-08-09.csv
Apex Institute of Higher Education Pty Ltd,private,NSW,,,03967J,bronze/cricos-register/cricos_institutions_asat-2026-08-09.csv;bronze/cricos-register/cricos_courses_asat-2026-08-09.csv
Asia Pacific International College Pty Ltd,private,NSW,,,03048D,bronze/cricos-register/cricos_institutions_asat-2026-08-09.csv;bronze/cricos-register/cricos_courses_asat-2026-08-09.csv
Astra Institute of Higher Education,private,NSW,,,04231H,bronze/cricos-register/cricos_institutions_asat-2026-08-09.csv;bronze/cricos-register/cricos_courses_asat-2026-08-09.csv
Australasian Academy of Higher Education,private,VIC,,,04181B,bronze/cricos-register/cricos_institutions_asat-2026-08-09.csv;bronze/cricos-register/cricos_courses_asat-2026-08-09.csv
Australia Advance Education Group Pty Ltd,private,NSW,,,03836J,bronze/cricos-register/cricos_institutions_asat-2026-08-09.csv;bronze/cricos-register/cricos_courses_asat-2026-08-09.csv
Australian Academy of Music and Performing Arts,private,NSW,,,01108B,bronze/cricos-register/cricos_institutions_asat-2026-08-09.csv;bronze/cricos-register/cricos_courses_asat-2026-08-09.csv
Australian Campus Management Pty Ltd,private,NSW,,,03809A,bronze/cricos-register/cricos_institutions_asat-2026-08-09.csv;bronze/cricos-register/cricos_courses_asat-2026-08-09.csv
Australian Catholic University,public,NSW,,,00004G,bronze/education-higher-ed/education_he-student-enrolments-pivot_2024.xlsx;bronze/cricos-register/cricos_institutions_asat-2026-08-09.csv
Australian Chiropractic College Limited,private,SA,,,03943F,bronze/cricos-register/cricos_institutions_asat-2026-08-09.csv;bronze/cricos-register/cricos_courses_asat-2026-08-09.csv
Australian College of Natural Medicine Pty Ltd,private,QLD,,,00231G,bronze/cricos-register/cricos_institutions_asat-2026-08-09.csv;bronze/cricos-register/cricos_courses_asat-2026-08-09.csv
Australian College of the Arts Pty Ltd,private,VIC,,,03392K,bronze/cricos-register/cricos_institutions_asat-2026-08-09.csv;bronze/cricos-register/cricos_courses_asat-2026-08-09.csv
Australian Data and Cyber Institute,private,WA,,,04102F,bronze/cricos-register/cricos_institutions_asat-2026-08-09.csv;bronze/cricos-register/cricos_courses_asat-2026-08-09.csv
"Australian Film, Television and Radio School",private,NSW,,,03662D,bronze/cricos-register/cricos_institutions_asat-2026-08-09.csv;bronze/cricos-register/cricos_courses_asat-2026-08-09.csv
Australian Guild of Education Pty Ltd,private,VIC,,,04168K,bronze/cricos-register/cricos_institutions_asat-2026-08-09.csv;bronze/cricos-register/cricos_courses_asat-2026-08-09.csv
Australian Institute of Advanced Technologies,private,SA,,,04191M,bronze/cricos-register/cricos_institutions_asat-2026-08-09.csv;bronze/cricos-register/cricos_courses_asat-2026-08-09.csv
Australian Institute of Business Intelligence Pty Ltd,private,NSW,,,03844J,bronze/cricos-register/cricos_institutions_asat-2026-08-09.csv;bronze/cricos-register/cricos_courses_asat-2026-08-09.csv
Australian Institute of Business and Management Pty Ltd,private,NSW,,,03171A,bronze/cricos-register/cricos_institutions_asat-2026-08-09.csv;bronze/cricos-register/cricos_courses_asat-2026-08-09.csv
Australian Institute of Higher Education Pty Ltd,private,NSW,,,03147A,bronze/cricos-register/cricos_institutions_asat-2026-08-09.csv;bronze/cricos-register/cricos_courses_asat-2026-08-09.csv
Australian Institute of Management Education and Training Pty Limited,private,NSW,,,03769D,bronze/cricos-register/cricos_institutions_asat-2026-08-09.csv;bronze/cricos-register/cricos_courses_asat-2026-08-09.csv
Australian Institute of Professional Counsellors,private,QLD,,,04095M,bronze/cricos-register/cricos_institutions_asat-2026-08-09.csv;bronze/cricos-register/cricos_courses_asat-2026-08-09.csv
Australian Institute of Technology and Commerce Pty Ltd,private,NSW,,,03996D,bronze/cricos-register/cricos_institutions_asat-2026-08-09.csv;bronze/cricos-register/cricos_courses_asat-2026-08-09.csv
Australian School of Accounting Pty Ltd,private,NSW,,,03847F,bronze/cricos-register/cricos_institutions_asat-2026-08-09.csv;bronze/cricos-register/cricos_courses_asat-2026-08-09.csv
Australian School of Business Pty Ltd,private,VIC,,,04289A,bronze/cricos-register/cricos_institutions_asat-2026-08-09.csv;bronze/cricos-register/cricos_courses_asat-2026-08-09.csv
Australian University College of Divinity Ltd,private,NSW,,,02948J,bronze/cricos-register/cricos_institutions_asat-2026-08-09.csv;bronze/cricos-register/cricos_courses_asat-2026-08-09.csv
Australian University of Theology Limited,private,NSW,,,02650E,bronze/cricos-register/cricos_institutions_asat-2026-08-09.csv;bronze/cricos-register/cricos_courses_asat-2026-08-09.csv
Avondale University,private,NSW,,,02731D,bronze/education-higher-ed/education_he-student-enrolments-pivot_2024.xlsx;bronze/cricos-register/cricos_institutions_asat-2026-08-09.csv
BBS Higher Education Pty Ltd,private,VIC,,,04345J,bronze/cricos-register/cricos_institutions_asat-2026-08-09.csv;bronze/cricos-register/cricos_courses_asat-2026-08-09.csv
BPP Institute Pty Ltd,private,VIC,,,01718J,bronze/cricos-register/cricos_institutions_asat-2026-08-09.csv;bronze/cricos-register/cricos_courses_asat-2026-08-09.csv
Bond University,private,QLD,,,00017B,bronze/education-higher-ed/education_he-student-enrolments-pivot_2024.xlsx;bronze/cricos-register/cricos_institutions_asat-2026-08-09.csv
Box Hill Institute,public,VIC,,,02411J,bronze/cricos-register/cricos_institutions_asat-2026-08-09.csv;bronze/cricos-register/cricos_courses_asat-2026-08-09.csv
CQUniversity,public,QLD,,,00219C,bronze/education-higher-ed/education_he-student-enrolments-pivot_2024.xlsx;bronze/cricos-register/cricos_institutions_asat-2026-08-09.csv
Campion Institute Limited,private,NSW,,,02738G,bronze/cricos-register/cricos_institutions_asat-2026-08-09.csv;bronze/cricos-register/cricos_courses_asat-2026-08-09.csv
Charles Darwin University,public,NT,,,00300K,bronze/education-higher-ed/education_he-student-enrolments-pivot_2024.xlsx;bronze/cricos-register/cricos_institutions_asat-2026-08-09.csv
Charles Sturt University,public,NSW,,,00005F,bronze/education-higher-ed/education_he-student-enrolments-pivot_2024.xlsx;bronze/cricos-register/cricos_institutions_asat-2026-08-09.csv
Chisholm Institute,public,VIC,,,00881F,bronze/cricos-register/cricos_institutions_asat-2026-08-09.csv;bronze/cricos-register/cricos_courses_asat-2026-08-09.csv
Christian Heritage College,private,QLD,,,01016F,bronze/cricos-register/cricos_institutions_asat-2026-08-09.csv;bronze/cricos-register/cricos_courses_asat-2026-08-09.csv
Crown Institute of Higher Education Pty Ltd,private,NSW,,,03744B,bronze/cricos-register/cricos_institutions_asat-2026-08-09.csv;bronze/cricos-register/cricos_courses_asat-2026-08-09.csv
Curtin University,public,WA,,,00301J,bronze/education-higher-ed/education_he-student-enrolments-pivot_2024.xlsx;bronze/cricos-register/cricos_institutions_asat-2026-08-09.csv
Danford Higher Education Pty Ltd,private,VIC,,,04122B,bronze/cricos-register/cricos_institutions_asat-2026-08-09.csv;bronze/cricos-register/cricos_courses_asat-2026-08-09.csv
Deakin University,public,VIC,,,00113B,bronze/education-higher-ed/education_he-student-enrolments-pivot_2024.xlsx;bronze/cricos-register/cricos_institutions_asat-2026-08-09.csv
ECA Higher Education Institute Pty Ltd,private,NSW,,,03932J,bronze/cricos-register/cricos_institutions_asat-2026-08-09.csv;bronze/cricos-register/cricos_courses_asat-2026-08-09.csv
EQUALS International (Aust) Pty Ltd,private,SA,,,02804C,bronze/cricos-register/cricos_institutions_asat-2026-08-09.csv;bronze/cricos-register/cricos_courses_asat-2026-08-09.csv
EV Higher Education,private,NSW,,,04425J,bronze/cricos-register/cricos_institutions_asat-2026-08-09.csv;bronze/cricos-register/cricos_courses_asat-2026-08-09.csv
Eastern College Australia Limited,private,VIC,,,03853H,bronze/cricos-register/cricos_institutions_asat-2026-08-09.csv;bronze/cricos-register/cricos_courses_asat-2026-08-09.csv
Edith Cowan University,public,WA,,,00279B,bronze/education-higher-ed/education_he-student-enrolments-pivot_2024.xlsx;bronze/cricos-register/cricos_institutions_asat-2026-08-09.csv
Education and Career Hub Pty Ltd,private,NSW,,,04342A,bronze/cricos-register/cricos_institutions_asat-2026-08-09.csv;bronze/cricos-register/cricos_courses_asat-2026-08-09.csv
Edvantage Institute Australia Pty Ltd,private,VIC,,,03879J,bronze/cricos-register/cricos_institutions_asat-2026-08-09.csv;bronze/cricos-register/cricos_courses_asat-2026-08-09.csv
Elite Education Institute Pty Ltd,private,NSW,,,03390A,bronze/cricos-register/cricos_institutions_asat-2026-08-09.csv;bronze/cricos-register/cricos_courses_asat-2026-08-09.csv
Engineering Institute of Technology Pty Ltd,private,WA,,,03567C,bronze/cricos-register/cricos_institutions_asat-2026-08-09.csv;bronze/cricos-register/cricos_courses_asat-2026-08-09.csv
Excelsia University College,private,NSW,,,02664K,bronze/cricos-register/cricos_institutions_asat-2026-08-09.csv;bronze/cricos-register/cricos_courses_asat-2026-08-09.csv
Federation University Australia,public,VIC,,,00103D,bronze/education-higher-ed/education_he-student-enrolments-pivot_2024.xlsx;bronze/cricos-register/cricos_institutions_asat-2026-08-09.csv
Flinders University,public,SA,,,00114A,bronze/education-higher-ed/education_he-student-enrolments-pivot_2024.xlsx;bronze/cricos-register/cricos_institutions_asat-2026-08-09.csv
Global Leadership Institute,private,QLD,,,04218E,bronze/cricos-register/cricos_institutions_asat-2026-08-09.csv;bronze/cricos-register/cricos_courses_asat-2026-08-09.csv
Greystone Institute Pty Ltd,private,QLD,,,04405B,bronze/cricos-register/cricos_institutions_asat-2026-08-09.csv;bronze/cricos-register/cricos_courses_asat-2026-08-09.csv
Griffith University,public,QLD,,,00233E,bronze/education-higher-ed/education_he-student-enrolments-pivot_2024.xlsx;bronze/cricos-register/cricos_institutions_asat-2026-08-09.csv
Group Colleges Australia Pty Ltd,private,NSW,,,02571D,bronze/cricos-register/cricos_institutions_asat-2026-08-09.csv;bronze/cricos-register/cricos_courses_asat-2026-08-09.csv
Higher Education Australia Pty Ltd,private,VIC,,,04465A,bronze/cricos-register/cricos_institutions_asat-2026-08-09.csv;bronze/cricos-register/cricos_courses_asat-2026-08-09.csv
Higher Education Leadership Institute,private,NSW,,,03845H,bronze/cricos-register/cricos_institutions_asat-2026-08-09.csv;bronze/cricos-register/cricos_courses_asat-2026-08-09.csv
Holmesglen Institute,public,VIC,,,00012G,bronze/cricos-register/cricos_institutions_asat-2026-08-09.csv;bronze/cricos-register/cricos_courses_asat-2026-08-09.csv
ICHM Pty Ltd,private,SA,,,02914G,bronze/cricos-register/cricos_institutions_asat-2026-08-09.csv;bronze/cricos-register/cricos_courses_asat-2026-08-09.csv
IIBIT AHE Pty Ltd,private,SA,,,04219D,bronze/cricos-register/cricos_institutions_asat-2026-08-09.csv;bronze/cricos-register/cricos_courses_asat-2026-08-09.csv
Imperial Engineering Education,private,SA,,,04229B,bronze/cricos-register/cricos_institutions_asat-2026-08-09.csv;bronze/cricos-register/cricos_courses_asat-2026-08-09.csv
Institute of Health & Management Pty Ltd,private,VIC,,,03407G,bronze/cricos-register/cricos_institutions_asat-2026-08-09.csv;bronze/cricos-register/cricos_courses_asat-2026-08-09.csv
International Business College Pty Ltd,private,SA,,,04403D,bronze/cricos-register/cricos_institutions_asat-2026-08-09.csv;bronze/cricos-register/cricos_courses_asat-2026-08-09.csv
"International College of Management, Sydney Pty Limited",private,NSW,,,01484M,bronze/cricos-register/cricos_institutions_asat-2026-08-09.csv;bronze/cricos-register/cricos_courses_asat-2026-08-09.csv
International Health & Science Institute Pty Ltd,private,NSW,,,04391C,bronze/cricos-register/cricos_institutions_asat-2026-08-09.csv;bronze/cricos-register/cricos_courses_asat-2026-08-09.csv
International School of Global Leaders Pty Ltd,private,NSW,,,04428F,bronze/cricos-register/cricos_institutions_asat-2026-08-09.csv;bronze/cricos-register/cricos_courses_asat-2026-08-09.csv
Iona Trinity College,private,NSW,,,04294D,bronze/cricos-register/cricos_institutions_asat-2026-08-09.csv;bronze/cricos-register/cricos_courses_asat-2026-08-09.csv
JMC Pty Limited,private,NSW,,,01259J,bronze/cricos-register/cricos_institutions_asat-2026-08-09.csv;bronze/cricos-register/cricos_courses_asat-2026-08-09.csv
James Cook University,public,QLD,,,00117J,bronze/education-higher-ed/education_he-student-enrolments-pivot_2024.xlsx;bronze/cricos-register/cricos_institutions_asat-2026-08-09.csv
Jazz Music Institute Pty Ltd,private,QLD,,,03720K,bronze/cricos-register/cricos_institutions_asat-2026-08-09.csv;bronze/cricos-register/cricos_courses_asat-2026-08-09.csv
Kaplan Business School Pty Ltd,private,NSW,,,02426B,bronze/cricos-register/cricos_institutions_asat-2026-08-09.csv;bronze/cricos-register/cricos_courses_asat-2026-08-09.csv
Kent Institute Australia Pty Ltd,private,NSW,,,00161E,bronze/cricos-register/cricos_institutions_asat-2026-08-09.csv;bronze/cricos-register/cricos_courses_asat-2026-08-09.csv
Kingsford Institute of Higher Education Pty Ltd,private,NSW,,,04352K,bronze/cricos-register/cricos_institutions_asat-2026-08-09.csv;bronze/cricos-register/cricos_courses_asat-2026-08-09.csv
LCI Melbourne Pty Ltd,private,VIC,,,02201G,bronze/cricos-register/cricos_institutions_asat-2026-08-09.csv;bronze/cricos-register/cricos_courses_asat-2026-08-09.csv
La Trobe University,public,VIC,,,00115M,bronze/education-higher-ed/education_he-student-enrolments-pivot_2024.xlsx;bronze/cricos-register/cricos_institutions_asat-2026-08-09.csv
Laurus Higher Education Pty Ltd,private,VIC,,,04375C,bronze/cricos-register/cricos_institutions_asat-2026-08-09.csv;bronze/cricos-register/cricos_courses_asat-2026-08-09.csv
Le Cordon Bleu Australia Pty Limited,private,SA,,,02380M,bronze/cricos-register/cricos_institutions_asat-2026-08-09.csv;bronze/cricos-register/cricos_courses_asat-2026-08-09.csv
Leaders Institute Pty Ltd,private,QLD,,,03732F,bronze/cricos-register/cricos_institutions_asat-2026-08-09.csv;bronze/cricos-register/cricos_courses_asat-2026-08-09.csv
Lincoln Institute of Higher Education Ltd,private,NSW,,,04097J,bronze/cricos-register/cricos_institutions_asat-2026-08-09.csv;bronze/cricos-register/cricos_courses_asat-2026-08-09.csv
Lyons Education Group Pty Ltd,private,VIC,,,03578M,bronze/cricos-register/cricos_institutions_asat-2026-08-09.csv;bronze/cricos-register/cricos_courses_asat-2026-08-09.csv
MEGA Higher Education Pty Ltd,private,NSW,,,04336K,bronze/cricos-register/cricos_institutions_asat-2026-08-09.csv;bronze/cricos-register/cricos_courses_asat-2026-08-09.csv
Macquarie University,public,NSW,,,00002J,bronze/education-higher-ed/education_he-student-enrolments-pivot_2024.xlsx;bronze/cricos-register/cricos_institutions_asat-2026-08-09.csv
Marasi Education Pty Ltd (VSC),private,VIC,,,04066E,bronze/cricos-register/cricos_institutions_asat-2026-08-09.csv;bronze/cricos-register/cricos_courses_asat-2026-08-09.csv
Marcus Oldham College,private,VIC,,,00306D,bronze/cricos-register/cricos_institutions_asat-2026-08-09.csv;bronze/cricos-register/cricos_courses_asat-2026-08-09.csv
Melbourne Institute of Higher Education Pty Ltd,private,VIC,,,04018B,bronze/cricos-register/cricos_institutions_asat-2026-08-09.csv;bronze/cricos-register/cricos_courses_asat-2026-08-09.csv
Melbourne Polytechnic,public,VIC,,,00724G,bronze/cricos-register/cricos_institutions_asat-2026-08-09.csv;bronze/cricos-register/cricos_courses_asat-2026-08-09.csv
Metavision Institute Pty Ltd,private,QLD,,,04454D,bronze/cricos-register/cricos_institutions_asat-2026-08-09.csv;bronze/cricos-register/cricos_courses_asat-2026-08-09.csv
Monaro Education Pty Limited,private,NSW,,,04320G,bronze/cricos-register/cricos_institutions_asat-2026-08-09.csv;bronze/cricos-register/cricos_courses_asat-2026-08-09.csv
Monash University,public,VIC,,,00008C,bronze/education-higher-ed/education_he-student-enrolments-pivot_2024.xlsx;bronze/cricos-register/cricos_institutions_asat-2026-08-09.csv
Moore Theological College Council,private,NSW,,,00682B,bronze/cricos-register/cricos_institutions_asat-2026-08-09.csv;bronze/cricos-register/cricos_courses_asat-2026-08-09.csv
Mpika Holdings Pty Ltd,private,NSW,,,04082E,bronze/cricos-register/cricos_institutions_asat-2026-08-09.csv;bronze/cricos-register/cricos_courses_asat-2026-08-09.csv
Murdoch University,public,WA,,,00125J,bronze/education-higher-ed/education_he-student-enrolments-pivot_2024.xlsx;bronze/cricos-register/cricos_institutions_asat-2026-08-09.csv
Nan Tien Institute Limited,private,NSW,,,03233C,bronze/cricos-register/cricos_institutions_asat-2026-08-09.csv;bronze/cricos-register/cricos_courses_asat-2026-08-09.csv
National Academy of Professional Studies Pty Ltd,private,NSW,,,04009C,bronze/cricos-register/cricos_institutions_asat-2026-08-09.csv;bronze/cricos-register/cricos_courses_asat-2026-08-09.csv
National Art School,private,NSW,,,03197B,bronze/cricos-register/cricos_institutions_asat-2026-08-09.csv;bronze/cricos-register/cricos_courses_asat-2026-08-09.csv
Nexus Institute of Higher Education Pty Ltd,private,NSW,,,04436F,bronze/cricos-register/cricos_institutions_asat-2026-08-09.csv;bronze/cricos-register/cricos_courses_asat-2026-08-09.csv
Nova Anglia College Pty Ltd,private,QLD,,,04265J,bronze/cricos-register/cricos_institutions_asat-2026-08-09.csv;bronze/cricos-register/cricos_courses_asat-2026-08-09.csv
Nova Higher Education Pty Ltd,private,VIC,,,04401F,bronze/cricos-register/cricos_institutions_asat-2026-08-09.csv;bronze/cricos-register/cricos_courses_asat-2026-08-09.csv
Ozford Institute of Higher Education Pty Ltd,private,VIC,,,03429B,bronze/cricos-register/cricos_institutions_asat-2026-08-09.csv;bronze/cricos-register/cricos_courses_asat-2026-08-09.csv
PBL Education Pty Ltd,private,NSW,,,04116M,bronze/cricos-register/cricos_institutions_asat-2026-08-09.csv;bronze/cricos-register/cricos_courses_asat-2026-08-09.csv
Performing Arts Education Pty Ltd,private,QLD,,,03897G,bronze/cricos-register/cricos_institutions_asat-2026-08-09.csv;bronze/cricos-register/cricos_courses_asat-2026-08-09.csv
Perth Bible College (Inc),private,WA,,,00986G,bronze/cricos-register/cricos_institutions_asat-2026-08-09.csv;bronze/cricos-register/cricos_courses_asat-2026-08-09.csv
Photography Holdings Pty Ltd,private,VIC,,,00257G,bronze/cricos-register/cricos_institutions_asat-2026-08-09.csv;bronze/cricos-register/cricos_courses_asat-2026-08-09.csv
Polytechnic Institute Australia Pty Ltd,private,NSW,,,03535M,bronze/cricos-register/cricos_institutions_asat-2026-08-09.csv;bronze/cricos-register/cricos_courses_asat-2026-08-09.csv
Proteus Technologies Pty Ltd,private,NSW,,,03581E,bronze/cricos-register/cricos_institutions_asat-2026-08-09.csv;bronze/cricos-register/cricos_courses_asat-2026-08-09.csv
Queensland Institute of Business and Technology Pty Ltd,private,QLD,,,01737F,bronze/cricos-register/cricos_institutions_asat-2026-08-09.csv;bronze/cricos-register/cricos_courses_asat-2026-08-09.csv
Queensland Institute of Higher Education Pty Ltd,private,QLD,,,04013G,bronze/cricos-register/cricos_institutions_asat-2026-08-09.csv;bronze/cricos-register/cricos_courses_asat-2026-08-09.csv
Queensland University of Technology,public,QLD,,,00213J,bronze/education-higher-ed/education_he-student-enrolments-pivot_2024.xlsx;bronze/cricos-register/cricos_institutions_asat-2026-08-09.csv
RMIT University,public,VIC,,,00122A,bronze/education-higher-ed/education_he-student-enrolments-pivot_2024.xlsx;bronze/cricos-register/cricos_institutions_asat-2026-08-09.csv
Russo Business School Pty Ltd,private,QLD,,,03441F,bronze/cricos-register/cricos_institutions_asat-2026-08-09.csv;bronze/cricos-register/cricos_courses_asat-2026-08-09.csv
SAE Institute Pty Ltd,private,NSW,,,00312F,bronze/cricos-register/cricos_institutions_asat-2026-08-09.csv;bronze/cricos-register/cricos_courses_asat-2026-08-09.csv
SP Jain School of Global Management Pty Ltd,private,NSW,,,03335G,bronze/cricos-register/cricos_institutions_asat-2026-08-09.csv;bronze/cricos-register/cricos_courses_asat-2026-08-09.csv
Sheridan College Inc,private,WA,,,03391M,bronze/cricos-register/cricos_institutions_asat-2026-08-09.csv;bronze/cricos-register/cricos_courses_asat-2026-08-09.csv
Sicop Education & Technology Pty Ltd,private,NSW,,,03383M,bronze/cricos-register/cricos_institutions_asat-2026-08-09.csv;bronze/cricos-register/cricos_courses_asat-2026-08-09.csv
Skyline Higher Education Australia,private,NSW,,,04214J,bronze/cricos-register/cricos_institutions_asat-2026-08-09.csv;bronze/cricos-register/cricos_courses_asat-2026-08-09.csv
Southern Academy of Higher Education Pty Ltd,private,NSW,,,04202B,bronze/cricos-register/cricos_institutions_asat-2026-08-09.csv;bronze/cricos-register/cricos_courses_asat-2026-08-09.csv
Southern Cross Education Institute (Higher Education) Pty Ltd,private,VIC,,,03739K,bronze/cricos-register/cricos_institutions_asat-2026-08-09.csv;bronze/cricos-register/cricos_courses_asat-2026-08-09.csv
Southern Cross Institute (SCI),private,NSW,,,04078A,bronze/cricos-register/cricos_institutions_asat-2026-08-09.csv;bronze/cricos-register/cricos_courses_asat-2026-08-09.csv
Southern Cross University,public,NSW,,,01241G,bronze/education-higher-ed/education_he-student-enrolments-pivot_2024.xlsx;bronze/cricos-register/cricos_institutions_asat-2026-08-09.csv
Stanley International College Pty Ltd,private,WA,,,03047E,bronze/cricos-register/cricos_institutions_asat-2026-08-09.csv;bronze/cricos-register/cricos_courses_asat-2026-08-09.csv
Swinburne University of Technology,public,VIC,,,00111D,bronze/education-higher-ed/education_he-student-enrolments-pivot_2024.xlsx;bronze/cricos-register/cricos_institutions_asat-2026-08-09.csv
Sydney Institute of Health Sciences Pty Ltd,private,NSW,,,01768K,bronze/cricos-register/cricos_institutions_asat-2026-08-09.csv;bronze/cricos-register/cricos_courses_asat-2026-08-09.csv
Sydney Institute of Higher Education Pty Ltd,private,NSW,,,03866C,bronze/cricos-register/cricos_institutions_asat-2026-08-09.csv;bronze/cricos-register/cricos_courses_asat-2026-08-09.csv
Sydney Institute of Technology Innovation Pty Ltd,private,NSW,,,04339G,bronze/cricos-register/cricos_institutions_asat-2026-08-09.csv;bronze/cricos-register/cricos_courses_asat-2026-08-09.csv
Sydney Metropolitan Institute of Technology Pty Ltd,private,NSW,,,03906M,bronze/cricos-register/cricos_institutions_asat-2026-08-09.csv;bronze/cricos-register/cricos_courses_asat-2026-08-09.csv
Sydney Polytechnic Institute,private,NSW,,,04090E,bronze/cricos-register/cricos_institutions_asat-2026-08-09.csv;bronze/cricos-register/cricos_courses_asat-2026-08-09.csv
TAFE Queensland,public,QLD,,,03020E,bronze/cricos-register/cricos_institutions_asat-2026-08-09.csv;bronze/cricos-register/cricos_courses_asat-2026-08-09.csv
TAFE SA,public,SA,,,00092B,bronze/cricos-register/cricos_institutions_asat-2026-08-09.csv;bronze/cricos-register/cricos_courses_asat-2026-08-09.csv
Technical and Further Education Commission,public,NSW,,,00591E,bronze/cricos-register/cricos_institutions_asat-2026-08-09.csv;bronze/cricos-register/cricos_courses_asat-2026-08-09.csv
Texila College Australia Pty Ltd,private,VIC,,,03894K,bronze/cricos-register/cricos_institutions_asat-2026-08-09.csv;bronze/cricos-register/cricos_courses_asat-2026-08-09.csv
The Australian Institute of Music Limited,private,NSW,,,00665C,bronze/cricos-register/cricos_institutions_asat-2026-08-09.csv;bronze/cricos-register/cricos_courses_asat-2026-08-09.csv
The Australian National University,public,ACT,,,00120C,bronze/education-higher-ed/education_he-student-enrolments-pivot_2024.xlsx;bronze/cricos-register/cricos_institutions_asat-2026-08-09.csv
The Cairnmillar Institute,private,VIC,,,03530E,bronze/cricos-register/cricos_institutions_asat-2026-08-09.csv;bronze/cricos-register/cricos_courses_asat-2026-08-09.csv
The Institute of International Studies (TIIS) Pty Ltd,private,NSW,,,03705J,bronze/cricos-register/cricos_institutions_asat-2026-08-09.csv;bronze/cricos-register/cricos_courses_asat-2026-08-09.csv
The National Institute of Dramatic Art (NIDA),public,NSW,,,00756M,bronze/cricos-register/cricos_institutions_asat-2026-08-09.csv;bronze/cricos-register/cricos_courses_asat-2026-08-09.csv
The University of Adelaide,public,SA,,,00123M,bronze/education-higher-ed/education_he-student-enrolments-pivot_2024.xlsx;bronze/cricos-register/cricos_institutions_asat-2026-08-09.csv
The University of Melbourne,public,VIC,,,00116K,bronze/education-higher-ed/education_he-student-enrolments-pivot_2024.xlsx;bronze/cricos-register/cricos_institutions_asat-2026-08-09.csv
The University of New England,public,NSW,,,00003G,bronze/education-higher-ed/education_he-student-enrolments-pivot_2024.xlsx;bronze/cricos-register/cricos_institutions_asat-2026-08-09.csv
The University of Newcastle,public,NSW,,,00109J,bronze/education-higher-ed/education_he-student-enrolments-pivot_2024.xlsx;bronze/cricos-register/cricos_institutions_asat-2026-08-09.csv
The University of Notre Dame Australia,private,WA,,,01032F,bronze/education-higher-ed/education_he-student-enrolments-pivot_2024.xlsx;bronze/cricos-register/cricos_institutions_asat-2026-08-09.csv
The University of Queensland,public,QLD,,,00025B,bronze/education-higher-ed/education_he-student-enrolments-pivot_2024.xlsx;bronze/cricos-register/cricos_institutions_asat-2026-08-09.csv
The University of Sydney,public,NSW,,,00026A,bronze/education-higher-ed/education_he-student-enrolments-pivot_2024.xlsx;bronze/cricos-register/cricos_institutions_asat-2026-08-09.csv
The University of Western Australia,public,WA,,,00126G,bronze/education-higher-ed/education_he-student-enrolments-pivot_2024.xlsx;bronze/cricos-register/cricos_institutions_asat-2026-08-09.csv
Think: Colleges Pty Ltd,private,NSW,,,00246M,bronze/cricos-register/cricos_institutions_asat-2026-08-09.csv;bronze/cricos-register/cricos_courses_asat-2026-08-09.csv
Top Education Group Ltd,private,NSW,,,02491D,bronze/cricos-register/cricos_institutions_asat-2026-08-09.csv;bronze/cricos-register/cricos_courses_asat-2026-08-09.csv
Torrens University Australia,private,NSW,,,03389E,bronze/education-higher-ed/education_he-student-enrolments-pivot_2024.xlsx;bronze/cricos-register/cricos_institutions_asat-2026-08-09.csv
Trident Institute Australia Pty Ltd,private,VIC,,,04467K,bronze/cricos-register/cricos_institutions_asat-2026-08-09.csv;bronze/cricos-register/cricos_courses_asat-2026-08-09.csv
UNSW Global Pty Limited,private,NSW,,,01020K,bronze/cricos-register/cricos_institutions_asat-2026-08-09.csv;bronze/cricos-register/cricos_courses_asat-2026-08-09.csv
Universal Higher Education Pty Ltd,private,VIC,,,03848E,bronze/cricos-register/cricos_institutions_asat-2026-08-09.csv;bronze/cricos-register/cricos_courses_asat-2026-08-09.csv
University of Canberra,public,ACT,,,00212K,bronze/education-higher-ed/education_he-student-enrolments-pivot_2024.xlsx;bronze/cricos-register/cricos_institutions_asat-2026-08-09.csv
University of Divinity,private,VIC,,,01037A,bronze/education-higher-ed/education_he-student-enrolments-pivot_2024.xlsx;bronze/cricos-register/cricos_institutions_asat-2026-08-09.csv
University of New South Wales,public,NSW,,,00098G,bronze/education-higher-ed/education_he-student-enrolments-pivot_2024.xlsx;bronze/cricos-register/cricos_institutions_asat-2026-08-09.csv
University of South Australia,public,SA,,,00121B,bronze/education-higher-ed/education_he-student-enrolments-pivot_2024.xlsx;bronze/cricos-register/cricos_institutions_asat-2026-08-09.csv
University of Southern Queensland,public,QLD,,,00244B,bronze/education-higher-ed/education_he-student-enrolments-pivot_2024.xlsx;bronze/cricos-register/cricos_institutions_asat-2026-08-09.csv
University of Tasmania,public,TAS,,,00586B,bronze/education-higher-ed/education_he-student-enrolments-pivot_2024.xlsx;bronze/cricos-register/cricos_institutions_asat-2026-08-09.csv
University of Technology Sydney,public,NSW,,,00099F,bronze/education-higher-ed/education_he-student-enrolments-pivot_2024.xlsx;bronze/cricos-register/cricos_institutions_asat-2026-08-09.csv
University of Wollongong,public,NSW,,,00102E,bronze/education-higher-ed/education_he-student-enrolments-pivot_2024.xlsx;bronze/cricos-register/cricos_institutions_asat-2026-08-09.csv
University of the Sunshine Coast,public,QLD,,,01595D,bronze/education-higher-ed/education_he-student-enrolments-pivot_2024.xlsx;bronze/cricos-register/cricos_institutions_asat-2026-08-09.csv
Victoria University,public,VIC,,,00124K,bronze/education-higher-ed/education_he-student-enrolments-pivot_2024.xlsx;bronze/cricos-register/cricos_institutions_asat-2026-08-09.csv
Victorian Institute of Technology Pty Ltd,private,VIC,,,02044E,bronze/cricos-register/cricos_institutions_asat-2026-08-09.csv;bronze/cricos-register/cricos_courses_asat-2026-08-09.csv
WHITEHOUSE INSTITUTE PTY LTD,private,NSW,,,02863C,bronze/cricos-register/cricos_institutions_asat-2026-08-09.csv;bronze/cricos-register/cricos_courses_asat-2026-08-09.csv
Wentworth Institute of Higher Education Pty Ltd,private,NSW,,,03279M,bronze/cricos-register/cricos_institutions_asat-2026-08-09.csv;bronze/cricos-register/cricos_courses_asat-2026-08-09.csv
Western Sydney University,public,NSW,,,00917K,bronze/education-higher-ed/education_he-student-enrolments-pivot_2024.xlsx;bronze/cricos-register/cricos_institutions_asat-2026-08-09.csv
Whitecliffe Institute of Creative Arts and Technology Pty,private,NSW,,,00899G,bronze/cricos-register/cricos_institutions_asat-2026-08-09.csv;bronze/cricos-register/cricos_courses_asat-2026-08-09.csv
William Angliss Institute of TAFE,public,VIC,,,01505M,bronze/cricos-register/cricos_institutions_asat-2026-08-09.csv;bronze/cricos-register/cricos_courses_asat-2026-08-09.csv
