title,category,summary,full_text,effective_date,source_url,source_file
Determination of Classes of Persons Who Are Not Overseas Students 2013,education,,,,https://www.legislation.gov.au/F2013L00860,bronze/legislation-policy/legislation_overseas-students-titles_asat-2026-08-09.json
Education Services For Overseas Students (Registration Of Providers And Financial Regulation) Amendment Act (No. 1) 1996,education,,,,https://www.legislation.gov.au/C2004A05072,bronze/legislation-policy/legislation_overseas-students-titles_asat-2026-08-09.json
Education Services For Overseas Students (Registration Of Providers And Financial Regulation) Amendment Act 1993,education,,,,https://www.legislation.gov.au/C2004A04669,bronze/legislation-policy/legislation_overseas-students-titles_asat-2026-08-09.json
Education Services For Overseas Students (Registration Of Providers And Financial Regulation) Amendment Act 1994,education,,,,https://www.legislation.gov.au/C2004A04808,bronze/legislation-policy/legislation_overseas-students-titles_asat-2026-08-09.json
Education Services For Overseas Students Amendment Regulations 2009 (No. 1),education,,,,https://www.legislation.gov.au/F2009L04325,bronze/legislation-policy/legislation_overseas-students-titles_asat-2026-08-09.json
Education Services for Overseas Students (ASQA Registration Renewal Application Period) Determination 2019,education,,,,https://www.legislation.gov.au/F2019L00993,bronze/legislation-policy/legislation_overseas-students-titles_asat-2026-08-09.json
Education Services for Overseas Students (Assurance Fund Contributions) Act 2000,education,,,,https://www.legislation.gov.au/C2004A00758,bronze/legislation-policy/legislation_overseas-students-titles_asat-2026-08-09.json
Education Services for Overseas Students (Calculation of Refund) Instrument 2024,education,,,,https://www.legislation.gov.au/F2024L01231,bronze/legislation-policy/legislation_overseas-students-titles_asat-2026-08-09.json
Education Services for Overseas Students (Calculation of Refund) Specification 2014,education,,,,https://www.legislation.gov.au/F2014L00907,bronze/legislation-policy/legislation_overseas-students-titles_asat-2026-08-09.json
Education Services for Overseas Students (Calculation of unspent pre-paid fees - other cases) Determination 2012 (No. 1),education,,,,https://www.legislation.gov.au/F2012L01378,bronze/legislation-policy/legislation_overseas-students-titles_asat-2026-08-09.json
Education Services for Overseas Students (Calls on the OSTF - requirements for payments) Determination 2012 (No. 1),education,,,,https://www.legislation.gov.au/F2012L01385,bronze/legislation-policy/legislation_overseas-students-titles_asat-2026-08-09.json
Education Services for Overseas Students (Calls on the OSTF – requirements for payments) Instrument 2022,education,,,,https://www.legislation.gov.au/F2022L01302,bronze/legislation-policy/legislation_overseas-students-titles_asat-2026-08-09.json
Education Services for Overseas Students (Consequential and Transitional) Act 2000,education,,,,https://www.legislation.gov.au/C2004A00759,bronze/legislation-policy/legislation_overseas-students-titles_asat-2026-08-09.json
Education Services for Overseas Students (Designated Authority) Determination 2011 (No. 2),education,,,,https://www.legislation.gov.au/F2011L02388,bronze/legislation-policy/legislation_overseas-students-titles_asat-2026-08-09.json
Education Services for Overseas Students (Designated Authority) Determination 2012 (No. 1),education,,,,https://www.legislation.gov.au/F2012L01370,bronze/legislation-policy/legislation_overseas-students-titles_asat-2026-08-09.json
Education Services for Overseas Students (ESOS Agency—ELICOS and Foundation Programs) Determination 2016,education,,,,https://www.legislation.gov.au/F2016L00656,bronze/legislation-policy/legislation_overseas-students-titles_asat-2026-08-09.json
Education Services for Overseas Students (Exempt Courses) Instrument 2021,education,,,,https://www.legislation.gov.au/F2021L00877,bronze/legislation-policy/legislation_overseas-students-titles_asat-2026-08-09.json
Education Services for Overseas Students (Foundation Program Standards) Instrument 2021,education,,,,https://www.legislation.gov.au/F2021L01264,bronze/legislation-policy/legislation_overseas-students-titles_asat-2026-08-09.json
Education Services for Overseas Students (Notice Requirements) Instrument 2022,education,,,,https://www.legislation.gov.au/F2022L01298,bronze/legislation-policy/legislation_overseas-students-titles_asat-2026-08-09.json
Education Services for Overseas Students (Notice Requirements—Student Defaults) Instrument 2026,education,,,,https://www.legislation.gov.au/F2026L00312,bronze/legislation-policy/legislation_overseas-students-titles_asat-2026-08-09.json
Education Services for Overseas Students (Notifying provider default - requirements for a notice) Determination 2012 (No. 1),education,,,,https://www.legislation.gov.au/F2012L01387,bronze/legislation-policy/legislation_overseas-students-titles_asat-2026-08-09.json
Education Services for Overseas Students (Publishing Results of Enforcement Action) Instrument 2017,education,,,,https://www.legislation.gov.au/F2017L01406,bronze/legislation-policy/legislation_overseas-students-titles_asat-2026-08-09.json
Education Services for Overseas Students (Registration Charges) Act 1997,education,,,,https://www.legislation.gov.au/C2004A05119,bronze/legislation-policy/legislation_overseas-students-titles_asat-2026-08-09.json
Education Services for Overseas Students (Registration Charges) Amendment (COVID-19 Exemptions) Regulations 2020,education,,,,https://www.legislation.gov.au/F2020L00905,bronze/legislation-policy/legislation_overseas-students-titles_asat-2026-08-09.json
Education Services for Overseas Students (Registration Charges) Amendment (Exemptions from Entry to Market Charges) Regulations 2021,education,,,,https://www.legislation.gov.au/F2021L00847,bronze/legislation-policy/legislation_overseas-students-titles_asat-2026-08-09.json
Education Services for Overseas Students (Registration Charges) Amendment (Streamlining Regulation) Act 2015,education,,,,https://www.legislation.gov.au/C2015A00172,bronze/legislation-policy/legislation_overseas-students-titles_asat-2026-08-09.json
Education Services for Overseas Students (Registration Charges) Amendment (Tuition Protection Service) Act 2012,education,,,,https://www.legislation.gov.au/C2012A00010,bronze/legislation-policy/legislation_overseas-students-titles_asat-2026-08-09.json
Education Services for Overseas Students (Registration Charges) Amendment Act 2003,education,,,,https://www.legislation.gov.au/C2004A01173,bronze/legislation-policy/legislation_overseas-students-titles_asat-2026-08-09.json
Education Services for Overseas Students (Registration Charges) Amendment Act 2011,education,,,,https://www.legislation.gov.au/C2011A00105,bronze/legislation-policy/legislation_overseas-students-titles_asat-2026-08-09.json
Education Services for Overseas Students (Registration Charges) Amendment Act 2011 - Proclamation,education,,,,https://www.legislation.gov.au/F2011L02107,bronze/legislation-policy/legislation_overseas-students-titles_asat-2026-08-09.json
Education Services for Overseas Students (Registration Charges) Amendment Act 2021,education,,,,https://www.legislation.gov.au/C2021A00084,bronze/legislation-policy/legislation_overseas-students-titles_asat-2026-08-09.json
Education Services for Overseas Students (Registration Charges) Regulations 2021,education,,,,https://www.legislation.gov.au/F2021L01832,bronze/legislation-policy/legislation_overseas-students-titles_asat-2026-08-09.json
Education Services for Overseas Students (Registration of Providers and Financial Regulation) Act 1991,education,,,,https://www.legislation.gov.au/C2004A04189,bronze/legislation-policy/legislation_overseas-students-titles_asat-2026-08-09.json
Education Services for Overseas Students (Registration of Providers and Financial Regulation) Amendment Act (No. 1) 1997,education,,,,https://www.legislation.gov.au/C2004A05120,bronze/legislation-policy/legislation_overseas-students-titles_asat-2026-08-09.json
Education Services for Overseas Students (Registration of Providers and Financial Regulation) Regulations,education,,,,https://www.legislation.gov.au/C2004L00126,bronze/legislation-policy/legislation_overseas-students-titles_asat-2026-08-09.json
Education Services for Overseas Students (Registration of Providers and Financial Regulation) Regulations (Amendment),education,,,,https://www.legislation.gov.au/C2004L00127,bronze/legislation-policy/legislation_overseas-students-titles_asat-2026-08-09.json
Education Services for Overseas Students (Registration of Providers and Financial Regulation) Regulations (Amendment),education,,,,https://www.legislation.gov.au/C2004L00128,bronze/legislation-policy/legislation_overseas-students-titles_asat-2026-08-09.json
Education Services for Overseas Students (Registration of Providers and Financial Regulation) Regulations (Amendment),education,,,,https://www.legislation.gov.au/C2004L00129,bronze/legislation-policy/legislation_overseas-students-titles_asat-2026-08-09.json
Education Services for Overseas Students (Registration of Providers and Financial Regulation) Regulations (Amendment),education,,,,https://www.legislation.gov.au/C2004L00130,bronze/legislation-policy/legislation_overseas-students-titles_asat-2026-08-09.json
Education Services for Overseas Students (Registration of Providers and Financial Regulation) Regulations (Amendment),education,,,,https://www.legislation.gov.au/C2004L00131,bronze/legislation-policy/legislation_overseas-students-titles_asat-2026-08-09.json
Education Services for Overseas Students (Registration of Providers and Financial Regulation) Regulations (Amendment),education,,,,https://www.legislation.gov.au/C2004L00132,bronze/legislation-policy/legislation_overseas-students-titles_asat-2026-08-09.json
Education Services for Overseas Students (Requirements for Notice to Immigration Secretary) Instrument 2022,education,,,,https://www.legislation.gov.au/F2022L01303,bronze/legislation-policy/legislation_overseas-students-titles_asat-2026-08-09.json
Education Services for Overseas Students (Student default - discharge of obligations - requirements for a notice) Determination 2012 (No. 1),education,,,,https://www.legislation.gov.au/F2012L01384,bronze/legislation-policy/legislation_overseas-students-titles_asat-2026-08-09.json
Education Services for Overseas Students (Student default – discharge of obligations – requirements for a notice) Specification 2015 (No. 1),education,,,,https://www.legislation.gov.au/F2015L01964,bronze/legislation-policy/legislation_overseas-students-titles_asat-2026-08-09.json
Education Services for Overseas Students (Suitable Alternative Courses) Determination 2012 (No. 1),education,,,,https://www.legislation.gov.au/F2012L01381,bronze/legislation-policy/legislation_overseas-students-titles_asat-2026-08-09.json
Education Services for Overseas Students (Suitable Alternative Courses) Instrument 2022,education,,,,https://www.legislation.gov.au/F2022L01299,bronze/legislation-policy/legislation_overseas-students-titles_asat-2026-08-09.json
Education Services for Overseas Students (Suspension of Applications for Registration to the National VET Regulator) Determination 2026,education,,,,https://www.legislation.gov.au/F2026L00600,bronze/legislation-policy/legislation_overseas-students-titles_asat-2026-08-09.json
Education Services for Overseas Students (TPS Levies - Risk Rated Premium and Special Tuition Protection Components) Instrument 2015,education,,,,https://www.legislation.gov.au/F2015L02089,bronze/legislation-policy/legislation_overseas-students-titles_asat-2026-08-09.json
Education Services for Overseas Students (TPS Levies) (Administrative and Base Fees) Determination 2017,education,,,,https://www.legislation.gov.au/F2017L01358,bronze/legislation-policy/legislation_overseas-students-titles_asat-2026-08-09.json
Education Services for Overseas Students (TPS Levies) (Administrative and Base Fees) Determination 2021,education,,,,https://www.legislation.gov.au/F2021L01845,bronze/legislation-policy/legislation_overseas-students-titles_asat-2026-08-09.json
Education Services for Overseas Students (TPS Levies) (Administrative and Base Fees) Determination 2022,education,,,,https://www.legislation.gov.au/F2022L01674,bronze/legislation-policy/legislation_overseas-students-titles_asat-2026-08-09.json
Education Services for Overseas Students (TPS Levies) (Levy exemptions) Determination 2012 (No. 1),education,,,,https://www.legislation.gov.au/F2012L01382,bronze/legislation-policy/legislation_overseas-students-titles_asat-2026-08-09.json
Education Services for Overseas Students (TPS Levies) (Risk Rated Premium and Special Tuition Protection Components) Amendment Instrument 2021,education,,,,https://www.legislation.gov.au/F2021L00091,bronze/legislation-policy/legislation_overseas-students-titles_asat-2026-08-09.json
Education Services for Overseas Students (TPS Levies) (Risk Rated Premium and Special Tuition Protection Components) Determination 2012,education,,,,https://www.legislation.gov.au/F2012L02575,bronze/legislation-policy/legislation_overseas-students-titles_asat-2026-08-09.json
Education Services for Overseas Students (TPS Levies) (Risk Rated Premium and Special Tuition Protection Components) Determination 2014,education,,,,https://www.legislation.gov.au/F2014L01660,bronze/legislation-policy/legislation_overseas-students-titles_asat-2026-08-09.json
Education Services for Overseas Students (TPS Levies) (Risk Rated Premium and Special Tuition Protection Components) Instrument 2016,education,,,,https://www.legislation.gov.au/F2016L01960,bronze/legislation-policy/legislation_overseas-students-titles_asat-2026-08-09.json
Education Services for Overseas Students (TPS Levies) (Risk Rated Premium and Special Tuition Protection Components) Instrument 2017,education,,,,https://www.legislation.gov.au/F2017L01661,bronze/legislation-policy/legislation_overseas-students-titles_asat-2026-08-09.json
Education Services for Overseas Students (TPS Levies) (Risk Rated Premium and Special Tuition Protection Components) Instrument 2019,education,,,,https://www.legislation.gov.au/F2019L01665,bronze/legislation-policy/legislation_overseas-students-titles_asat-2026-08-09.json
Education Services for Overseas Students (TPS Levies) (Risk Rated Premium and Special Tuition Protection Components) Instrument 2020,education,,,,https://www.legislation.gov.au/F2020L01672,bronze/legislation-policy/legislation_overseas-students-titles_asat-2026-08-09.json
Education Services for Overseas Students (TPS Levies) (Risk Rated Premium and Special Tuition Protection Components) Instrument 2022,education,,,,https://www.legislation.gov.au/F2022L01724,bronze/legislation-policy/legislation_overseas-students-titles_asat-2026-08-09.json
Education Services for Overseas Students (TPS Levies) (Risk Rated Premium and Special Tuition Protection Components) Instrument 2024,education,,,,https://www.legislation.gov.au/F2024L01735,bronze/legislation-policy/legislation_overseas-students-titles_asat-2026-08-09.json
Education Services for Overseas Students (TPS Levies) (Risk Rated Premium and Special Tuition Protection Components) Instrument 2025,education,,,,https://www.legislation.gov.au/F2025L01500,bronze/legislation-policy/legislation_overseas-students-titles_asat-2026-08-09.json
Education Services for Overseas Students (TPS Levies) Amendment Act 2017,education,,,,https://www.legislation.gov.au/C2017A00098,bronze/legislation-policy/legislation_overseas-students-titles_asat-2026-08-09.json
Education Services for Overseas Students (TPS Levies) Amendment Act 2021,education,,,,https://www.legislation.gov.au/C2021A00085,bronze/legislation-policy/legislation_overseas-students-titles_asat-2026-08-09.json
Education Services for Overseas Students (TPS Levies—Exemptions) Instrument 2022,education,,,,https://www.legislation.gov.au/F2022L01727,bronze/legislation-policy/legislation_overseas-students-titles_asat-2026-08-09.json
Education Services for Overseas Students Act 2000,education,,,,https://www.legislation.gov.au/C2004A00757,bronze/legislation-policy/legislation_overseas-students-titles_asat-2026-08-09.json
Education Services for Overseas Students Act 2000 - Amendment No. 1 to the National Code 2007,education,,,,https://www.legislation.gov.au/F2010L00838,bronze/legislation-policy/legislation_overseas-students-titles_asat-2026-08-09.json
Education Services for Overseas Students Act 2000 - ESOS Assurance Fund 2006 Contributions Criteria (08/11/2005),education,,,,https://www.legislation.gov.au/F2005L04209,bronze/legislation-policy/legislation_overseas-students-titles_asat-2026-08-09.json
Education Services for Overseas Students Act 2000 - ESOS Assurance Fund 2007 Contributions Criteria (26/09/2006),education,,,,https://www.legislation.gov.au/F2006L03698,bronze/legislation-policy/legislation_overseas-students-titles_asat-2026-08-09.json
Education Services for Overseas Students Act 2000 - ESOS Assurance Fund 2008 Contributions Criteria (12/12/2007),education,,,,https://www.legislation.gov.au/F2007L04871,bronze/legislation-policy/legislation_overseas-students-titles_asat-2026-08-09.json
Education Services for Overseas Students Act 2000 - ESOS Assurance Fund 2010 Contributions Criteria (16/10/2009),education,,,,https://www.legislation.gov.au/F2009L03999,bronze/legislation-policy/legislation_overseas-students-titles_asat-2026-08-09.json
Education Services for Overseas Students Act 2000 - ESOS Assurance Fund 2011 Contributions Criteria (03/02/2011),education,,,,https://www.legislation.gov.au/F2011L00233,bronze/legislation-policy/legislation_overseas-students-titles_asat-2026-08-09.json
Education Services for Overseas Students Act 2000 - ESOS Assurance Fund 2012 Contributions Criteria (15/12/2011),education,,,,https://www.legislation.gov.au/F2011L02798,bronze/legislation-policy/legislation_overseas-students-titles_asat-2026-08-09.json
Education Services for Overseas Students Act 2000 - National Code 2007 (7 March 2007),education,,,,https://www.legislation.gov.au/F2007L00646,bronze/legislation-policy/legislation_overseas-students-titles_asat-2026-08-09.json
Education Services for Overseas Students Amendment (Cost Recovery and Other Measures) Act 2021,education,,,,https://www.legislation.gov.au/C2021A00083,bronze/legislation-policy/legislation_overseas-students-titles_asat-2026-08-09.json
Education Services for Overseas Students Amendment (Deregulation and Other Measures) Regulations 2021,education,,,,https://www.legislation.gov.au/F2021L00849,bronze/legislation-policy/legislation_overseas-students-titles_asat-2026-08-09.json
Education Services for Overseas Students Amendment (Integrity Measures) Regulations 2025,education,,,,https://www.legislation.gov.au/F2025L01587,bronze/legislation-policy/legislation_overseas-students-titles_asat-2026-08-09.json
Education Services for Overseas Students Amendment (Re-registration of Providers and Other Measures) Act 2010,education,,,,https://www.legislation.gov.au/C2010A00010,bronze/legislation-policy/legislation_overseas-students-titles_asat-2026-08-09.json
Education Services for Overseas Students Amendment (Refunds of Charges and Other Measures) Act 2021,education,,,,https://www.legislation.gov.au/C2021A00018,bronze/legislation-policy/legislation_overseas-students-titles_asat-2026-08-09.json
Education Services for Overseas Students Amendment (Registration Charges Consequentials) Act 2011,education,,,,https://www.legislation.gov.au/C2011A00106,bronze/legislation-policy/legislation_overseas-students-titles_asat-2026-08-09.json
Education Services for Overseas Students Amendment (Streamlining Regulation) Act 2015,education,,,,https://www.legislation.gov.au/C2015A00171,bronze/legislation-policy/legislation_overseas-students-titles_asat-2026-08-09.json
Education Services for Overseas Students Amendment (Student Visas and Other Measures) Regulation 2014,education,,,,https://www.legislation.gov.au/F2014L00837,bronze/legislation-policy/legislation_overseas-students-titles_asat-2026-08-09.json
Education Services for Overseas Students Amendment Act 2002,education,,,,https://www.legislation.gov.au/C2004A01038,bronze/legislation-policy/legislation_overseas-students-titles_asat-2026-08-09.json
Education Services for Overseas Students Amendment Act 2005,education,,,,https://www.legislation.gov.au/C2005A00157,bronze/legislation-policy/legislation_overseas-students-titles_asat-2026-08-09.json
Education Services for Overseas Students Amendment Act 2014,education,,,,https://www.legislation.gov.au/C2014A00002,bronze/legislation-policy/legislation_overseas-students-titles_asat-2026-08-09.json
Education Services for Overseas Students Amendment Act 2017,education,,,,https://www.legislation.gov.au/C2017A00097,bronze/legislation-policy/legislation_overseas-students-titles_asat-2026-08-09.json
Education Services for Overseas Students Amendment Regulation 2016,education,,,,https://www.legislation.gov.au/F2016L00709,bronze/legislation-policy/legislation_overseas-students-titles_asat-2026-08-09.json
Education Services for Overseas Students Amendment Regulations 2007 (No. 1),education,,,,https://www.legislation.gov.au/F2007L01962,bronze/legislation-policy/legislation_overseas-students-titles_asat-2026-08-09.json
Education Services for Overseas Students Amendment Regulations 2011 (No. 1),education,,,,https://www.legislation.gov.au/F2011L02109,bronze/legislation-policy/legislation_overseas-students-titles_asat-2026-08-09.json
Education Services for Overseas Students Legislation Amendment (2006 Measures No. 1) Act 2006,education,,,,https://www.legislation.gov.au/C2006A00143,bronze/legislation-policy/legislation_overseas-students-titles_asat-2026-08-09.json
Education Services for Overseas Students Legislation Amendment (2006 Measures No. 2) Act 2006,education,,,,https://www.legislation.gov.au/C2006A00144,bronze/legislation-policy/legislation_overseas-students-titles_asat-2026-08-09.json
Education Services for Overseas Students Legislation Amendment (Tuition Protection Service and Other Measures) Act 2012,education,,,,https://www.legislation.gov.au/C2012A00009,bronze/legislation-policy/legislation_overseas-students-titles_asat-2026-08-09.json
Education Services for Overseas Students Legislation Amendment Act 2007,education,,,,https://www.legislation.gov.au/C2007A00070,bronze/legislation-policy/legislation_overseas-students-titles_asat-2026-08-09.json
Education Services for Overseas Students Legislation Amendment Act 2011,education,,,,https://www.legislation.gov.au/C2011A00011,bronze/legislation-policy/legislation_overseas-students-titles_asat-2026-08-09.json
Education Services for Overseas Students Regulations 2001,education,,,,https://www.legislation.gov.au/F2001B00153,bronze/legislation-policy/legislation_overseas-students-titles_asat-2026-08-09.json
Education for Overseas Students Amendment Commencement Proclamation 2014,education,,,,https://www.legislation.gov.au/F2014L00709,bronze/legislation-policy/legislation_overseas-students-titles_asat-2026-08-09.json
National Code of Practice for Providers of Education and Training to Overseas Students 2017,education,,,,https://www.legislation.gov.au/F2017L00403,bronze/legislation-policy/legislation_overseas-students-titles_asat-2026-08-09.json
National Code of Practice for Providers of Education and Training to Overseas Students 2018,education,,,,https://www.legislation.gov.au/F2017L01182,bronze/legislation-policy/legislation_overseas-students-titles_asat-2026-08-09.json
Overseas Students (Refunds) (General) Regulations,education,,,,https://www.legislation.gov.au/C2004L00375,bronze/legislation-policy/legislation_overseas-students-titles_asat-2026-08-09.json
Overseas Students (Refunds) (People's Republic of China) Regulations,education,,,,https://www.legislation.gov.au/C2004L00885,bronze/legislation-policy/legislation_overseas-students-titles_asat-2026-08-09.json
Overseas Students (Refunds) (People's Republic of China) Regulations (Amendment),education,,,,https://www.legislation.gov.au/C2004L00886,bronze/legislation-policy/legislation_overseas-students-titles_asat-2026-08-09.json
Overseas Students (Refunds) Act 1990,education,,,,https://www.legislation.gov.au/C2004A04059,bronze/legislation-policy/legislation_overseas-students-titles_asat-2026-08-09.json
Overseas Students Charge Amendment Act 1982,education,,,,https://www.legislation.gov.au/C2004A02581,bronze/legislation-policy/legislation_overseas-students-titles_asat-2026-08-09.json
Overseas Students Charge Amendment Act 1983,education,,,,https://www.legislation.gov.au/C2004A02785,bronze/legislation-policy/legislation_overseas-students-titles_asat-2026-08-09.json
Overseas Students Charge Amendment Act 1984,education,,,,https://www.legislation.gov.au/C2004A03000,bronze/legislation-policy/legislation_overseas-students-titles_asat-2026-08-09.json
Overseas Students Charge Amendment Act 1985,education,,,,https://www.legislation.gov.au/C2004A03194,bronze/legislation-policy/legislation_overseas-students-titles_asat-2026-08-09.json
Overseas Students Charge Amendment Act 1986,education,,,,https://www.legislation.gov.au/C2004A03379,bronze/legislation-policy/legislation_overseas-students-titles_asat-2026-08-09.json
Overseas Students Charge Amendment Act 1987,education,,,,https://www.legislation.gov.au/C2004A03538,bronze/legislation-policy/legislation_overseas-students-titles_asat-2026-08-09.json
Overseas Students Charge Amendment Act 1988,education,,,,https://www.legislation.gov.au/C2004A03732,bronze/legislation-policy/legislation_overseas-students-titles_asat-2026-08-09.json
Overseas Students Charge Amendment Act 1989,education,,,,https://www.legislation.gov.au/C2004A03943,bronze/legislation-policy/legislation_overseas-students-titles_asat-2026-08-09.json
Overseas Students Charge Amendment Act 1992,education,,,,https://www.legislation.gov.au/C2004A04453,bronze/legislation-policy/legislation_overseas-students-titles_asat-2026-08-09.json
Overseas Students Charge Collection Act 1979,education,,,,https://www.legislation.gov.au/C2004A02130,bronze/legislation-policy/legislation_overseas-students-titles_asat-2026-08-09.json
Overseas Students Charge Collection Amendment Act 1982,education,,,,https://www.legislation.gov.au/C2004A02582,bronze/legislation-policy/legislation_overseas-students-titles_asat-2026-08-09.json
Overseas Students Charge Collection Amendment Act 1986,education,,,,https://www.legislation.gov.au/C2004A03380,bronze/legislation-policy/legislation_overseas-students-titles_asat-2026-08-09.json
Overseas Students Charge Collection Amendment Act 1988,education,,,,https://www.legislation.gov.au/C2004A03733,bronze/legislation-policy/legislation_overseas-students-titles_asat-2026-08-09.json
Overseas Students Charge Collection Amendment Act 1989,education,,,,https://www.legislation.gov.au/C2004A03944,bronze/legislation-policy/legislation_overseas-students-titles_asat-2026-08-09.json
Overseas Students Charge Collection Regulations,education,,,,https://www.legislation.gov.au/C2004L00508,bronze/legislation-policy/legislation_overseas-students-titles_asat-2026-08-09.json
Overseas Students Charge Collection Regulations (Amendment),education,,,,https://www.legislation.gov.au/C2004L00509,bronze/legislation-policy/legislation_overseas-students-titles_asat-2026-08-09.json
Overseas Students Charge Collection Regulations (Amendment),education,,,,https://www.legislation.gov.au/C2004L00510,bronze/legislation-policy/legislation_overseas-students-titles_asat-2026-08-09.json
Overseas Students Charge Collection Regulations (Amendment),education,,,,https://www.legislation.gov.au/C2004L00511,bronze/legislation-policy/legislation_overseas-students-titles_asat-2026-08-09.json
Overseas Students Charge Collection Regulations (Amendment),education,,,,https://www.legislation.gov.au/C2004L00512,bronze/legislation-policy/legislation_overseas-students-titles_asat-2026-08-09.json
Overseas Students Charge Collection Regulations (Amendment),education,,,,https://www.legislation.gov.au/C2004L00513,bronze/legislation-policy/legislation_overseas-students-titles_asat-2026-08-09.json
Overseas Students Charge Regulations,education,,,,https://www.legislation.gov.au/C2004L01860,bronze/legislation-policy/legislation_overseas-students-titles_asat-2026-08-09.json
Overseas Students Charge Regulations (Amendment),education,,,,https://www.legislation.gov.au/C2004L01861,bronze/legislation-policy/legislation_overseas-students-titles_asat-2026-08-09.json
Overseas Students Charge Regulations (Amendment),education,,,,https://www.legislation.gov.au/C2004L01862,bronze/legislation-policy/legislation_overseas-students-titles_asat-2026-08-09.json
Overseas Students Charge Regulations (Amendment),education,,,,https://www.legislation.gov.au/C2004L01863,bronze/legislation-policy/legislation_overseas-students-titles_asat-2026-08-09.json
Overseas Students Charge Regulations (Amendment),education,,,,https://www.legislation.gov.au/C2004L01865,bronze/legislation-policy/legislation_overseas-students-titles_asat-2026-08-09.json
Overseas Students Charge Regulations (Amendment),education,,,,https://www.legislation.gov.au/C2004L01867,bronze/legislation-policy/legislation_overseas-students-titles_asat-2026-08-09.json
Overseas Students Charge Regulations (Amendment),education,,,,https://www.legislation.gov.au/C2004L01868,bronze/legislation-policy/legislation_overseas-students-titles_asat-2026-08-09.json
Overseas Students Charge Regulations (Amendment),education,,,,https://www.legislation.gov.au/C2004L01870,bronze/legislation-policy/legislation_overseas-students-titles_asat-2026-08-09.json
Overseas Students Charge Regulations (Amendment),education,,,,https://www.legislation.gov.au/C2004L01871,bronze/legislation-policy/legislation_overseas-students-titles_asat-2026-08-09.json
Overseas Students Charge Regulations (Amendment),education,,,,https://www.legislation.gov.au/C2004L01873,bronze/legislation-policy/legislation_overseas-students-titles_asat-2026-08-09.json
Overseas Students Tuition Assurance Levy Act 1993,education,,,,https://www.legislation.gov.au/C2004A04672,bronze/legislation-policy/legislation_overseas-students-titles_asat-2026-08-09.json
Schools Assistance Act 2008 - Determination of Classes of Persons Who Are Not Overseas Students 2008,education,,,,https://www.legislation.gov.au/F2008L04760,bronze/legislation-policy/legislation_overseas-students-titles_asat-2026-08-09.json
Direction No. 115- Order for considering and disposing of offshore Subclass 500 (Student) visa applications,immigration,,"OFFICIAL
Direction No. 115- Order for considering and disposing of offshore Subclass 500 (Student) visa 
applications
I, JULIAN HILL, Assistant Minister for Citizenship, Customs and Multicultural Affairs, give this 
Direction under section 499 of the Migration Act 1958.
Dated: % l\}c>Vefl~teA 20l5""° _ L^,'
JULIAN HILL / ""
Assistant Minister for Citizenship, Customs and Multicultural Affairs
Part 1 - Preliminary
1 Name of Direction
This Direction is the Direction 115—Order for considering and disposing of offshore 
Subclass 500 (Student) visa applications and may be cited as Direction 115.
2 Commencement
This Direction commences on 14 November 2025.
3 Revocation
(1) Direction No.111 - Order of processing and disposing of offshore Subclass 500 (Student) 
visa applications, dated 18 December 2024, is revoked.
(2) Despite the revocation of Direction No.111, that direction, as in force immediately before 
revocation, continues to apply in relation to an offshore Subclass 500 (Student) visa 
application that was made, but not finally determined, before Direction No.111 was 
revoked.
4 Application
(1) This Direction applies to delegates of the Minister who consider and dispose of an 
offshore Subclass 500 (Student) visa application made on or after commencement.
(2) This Direction does not apply with respect to applications where it is readily apparent 
that the criteria for the grant of the visa would not be satisfied.
(3) This Direction does not apply to the Administrative Review Tribunal.
5 Preamble
(1) The Government is working to strengthen the integrity and sustainability of the 
international Student visa program and the international education sector.
(2) This Direction provides an order of priorities for considering and disposing of offshore 
Subclass 500 (Student) visa applications in an orderly fashion that aligns with the 
national interest, recognising:
(a) The economic impact on individual education providers including; the importance of 
regional higher education providers, outer metropolitan suburban universities, and

OFFICIAL
TAFE providers in their communities; and the overall economic benefit to Australia 
of skills development across education sectors in supporting Australia's skills needs;
(b) Having regard to the management of integrity concerns, there is a need to 
acknowledge operational flexibility in the allocation of processing resources within 
the order of priority below to manage surges or unexpected activity relating to 
increases in integrity concerns. Decision-makers will act to support the integrity of 
the visa program, which may mean that some applications (including those to which 
Priority 1 category applies) may take longer to finalise. That is to say, integrity 
issues will be acted upon regardless of the assigned priority; and
(c) As needed, within the allocated priorities, the Department of Home Affairs will 
balance overall priorities to ensure that visa application decisions are reached both 
efficiently and accurately.
Note 1: Subsection 51(1) of the Act provides that the Minister can consider and dispose of applications
for visas in such order as he or she considers appropriate.
Note 2: Subsection 499(1) of the Act empowers the Minister to give to a person or body having functions
or powers under the Act written directions not inconsistent with the Act or the Regulations, in 
accordance with which the person or body shall perform those functions and exercise those 
powers. The person or body must comply with the direction.
Note 3: Section 4(1) of the Act provides that the object of the Act is to regulate, in the national interest,
the coming into, and presence in, Australia of non-citizens.
6 Interpretation
(1) In this Direction:
Act means the Migration Act 1958.
Defence student has the meaning given in regulation 1.04B of the Regulations.
dependent child has the meaning given by the Regulations.
Foreign Affairs student has the meaning given in subregulation 1.04A(3) of the 
Regulations.
higher education course has the meaning given in clause 500.111 of Schedule 2 to the 
Regulations.
indicative allocations refers to indicative allocations of new overseas student 
commencements for higher education and vocational education and training providers in 
a particular calendar year developed by the Department of Education and the Department 
of Employment and Workplace Relations and as recorded in the Provider Registration 
and International Student Management System.
new overseas student commencement is an applicant for, or a holder of, a Subclass 500 
(Student) visa, represented as an enrolment in PRISMS, who:
(a) commences a higher education or vocational education and training course in 
Australia in a particular calendar year; and
(b) was not previously enrolled in a higher education or vocational education and 
training course (that meant that the student met the requirements of a new 
overseas student commencement) with the same provider in the particular 
calendar year or the previous calendar year; and
(c) is not;
(i) enrolled in a postgraduate research course;

OFFICIAL
(ii) a Foreign Affairs student, Defence Student or student sponsored by the 
Commonwealth;
(iii) a scholarship student;
(iv) a student affected by a 'provider closure' after 1 January 2026 that meets 
the criteria published on the Department of Education website as at the 
date this Direction commenced;
(v) enrolled in a pilot training course;
(vi) a transitioning school student who commences, or would commence, a 
higher education or vocational education and training course in Australia 
after 1 January 2026;
(vii) a transitioning student from an affiliated pathway provider and who 
commences or would commence study after 1 January 2026;
(viii) a transnational education student;
(ix) a student from the Pacific or Timor-Leste.
offshore Subclass 500 (Student) visa application means an application for a Student 
(Temporary) (Class TU) visa made by an applicant who:
(a) is outside Australia at the time of application; and
(b) seeks to satisfy the criteria for the grant of a Subclass 500 (Student) visa.
pilot training course means a course which leads to one of the following qualifications: 
Diploma of Aviation (Commercial Pilot Licence - Aeroplane), Diploma of Aviation 
(Commercial Pilot Licence - Helicopter), Diploma of Aviation (Instrument Rating), and 
Diploma of Aviation (Flight Instructor).
postgraduate research course has the meaning given in clause 500.111 of Schedule 2 to 
the Regulations.
primary applicant means a visa applicant seeking to satisfy the primary criteria for the 
grant of the visa.
primary visa holder means a non-citizen who holds a visa on the basis of satisfying the 
primary criteria for the grant of the visa.
prioritisation threshold refers to 80 per cent of an individual provider's indicative 
allocations of new overseas student commencements for a particular year, as determined 
by enrolments in the Provider Registration and International Student Management 
System for:
(a) a new overseas student commencement; or
(b) a person who:
i. would be a new overseas student commencement once he or she commences 
study; and
ii. holds a Subclass 500 (Student) visa or a bridging visa associated with an 
application for a Subclass 500 (Student) visa.
provider means a provider registered under Part 2 of the Education Services for Overseas 
Students Act 2000.
Provider Registration and International Student Management System (PRISMS) is a 
computer system established under section 109 of the Education Services for Overseas 
Students Act 2000 for the purpose of receiving and storing information about accepted 
students and former accepted students, and which is owned and maintained by the 
Department of Education.
Regulations means the Migration Regulations 1994.

OFFICIAL
scholarship student means a student with a foreign government, Australian Government, 
or State or Territory scholarship that meets the criteria published on the Department of 
Education's website as at the date this Direction commenced.
secondary applicant means a visa applicant seeking to satisfy the secondary criteria for 
the grant of the visa.
small provider means a vocational education and training provider with an indicative 
allocation of not more than 100 new overseas student commencements in a particular 
calendar year and which is recorded in PRISMS as a small provider. A provider ceases to 
be a small provider when 80 or more of its enrolments in PRISMS count towards its 
prioritisation threshold, or when the prioritisation threshold for all small providers has 
been met in accordance with subsection 6(2), whichever comes first.
subsequent entrant means a secondary applicant for a Subclass 500 (Student) visa who 
did not make a combined application with the primary applicant or primary visa holder.
student from the Pacific or Timor-Leste means an offshore Subclass 500 (Student) visa 
applicant who is a passport holder and (where noted) resident of the following countries:
Cook Islands (New Zealand 
passport holders resident in 
Cook Islands)
Fiji
French Polynesia (French 
passport holders who are 
resident in French 
Polynesia)
Kiribati
Marshall Islands
Micronesia
Nauru
New Caledonia (French 
passport holders who are 
resident in New Caledonia)
■ Niue (New Zealand 
passport holders who are 
resident in Niue)
■ Palau
■ Papua New Guinea
■ Samoa
■ Solomon Islands
■ Timor-Leste
■ Tonga
■ Tuvalu
■ Vanuatu
TAFE Provider means a public vocational education and training provider which is a 
body established to provide vocational education or training under one of the following:
(a) the Technical and Further Education Commission Act 1990 (NSW);
(b) the Education and Training Reform Act 2006 (Vic.);
(c) the TAFE Queensland Act 2013 (Qld);
(d) the Vocational Education and Training Act 1996 (WA);
(e) the TAFE SA Act 2012 (SA);
(f) the Training and Workforce Development Act 2013 (Tas.);
(g) the Canberra Institute of Technology Act 1987 (ACT); and
(h) the Charles Darwin University Act 2003 (NT) but only as it applies in relation to 
the part of the body delivering vocational education and training and not in 
relation to the part of the body delivering higher education.
transnational education student means a student enrolled in transnational education 
arrangements, according to criteria published on the Department of Education website for 
higher education students, and on the Department of Employment and Workplace Relations 
website for vocational education and training students, at the date this Direction commenced.

OFFICIAL
transitioning school student means a student who:
(a) holds an enrolment in PRISMS for a VET or higher education course; and
(b) has completed or is scheduled to complete a Senior Secondary Certificate of 
Education at a provider in Australia while holding a Subclass 500 (Student) visa in 
the same or immediately preceding calendar year as the proposed start date of the 
enrolment in (a), consistent with the criteria as published on the Department of 
Education website at the date this Direction commenced.
transitioning student from an affiliated pathway provider means a student who:
(a) holds an enrolment in PRISMS for a VET or higher education course at a Table A 
provider (within the meaning of the Higher Education Support Act 2003); and
(b) has completed or is scheduled to complete an enrolment in PRISMS that meets the 
definition of a new overseas student commencement in the same or immediately 
preceding calendar year as the proposed start date of the enrolment in (a), at a 
provider that meets the criteria published on the Department of Education website at 
the date this Direction commenced.
upper threshold refers to 115 per cent of an individual provider's indicative allocations 
of new overseas student commencements for a particular year, as determined by 
enrolments in the Provider Registration and International Student Management System 
for:
(a) a new overseas student commencement; or
(b) a person who:
i. would be a new overseas student commencement once he or she 
commences study; and
ii. holds a Subclass 500 (Student) visa or a bridging visa associated with an 
application for a Subclass 500 (Student) visa
( 2) For the purposes of determining within PRISMS whether the prioritisation threshold under this 
direction has been met for all small providers, small providers will be treated as if they were one 
individual provider with an allocation that is the sum of the allocations of all small providers.
Part 2 - Directions
7 Considering and disposing of applications
(1) Delegates must consider and dispose of offshore Subclass 500 (Student) visa 
applications under section 51 of the Act, in accordance with the priorities set out in this 
section and section 8.
(2) The prioritisation process set out in subsections 7(3) to (6) below is to commence on 
each 15 November of the year before the year to which a provider's prioritisation 
threshold applies and conclude 12 months later.
Example: For a provider's prioritisation threshold for the calendar year 2026, offshore student 
visa applications received on or after 15 November 2025 and up to and including 14 
November 2026 will be prioritised with respect to the 2026 calendar year.
(3) Delegates must accord Priority 1 to offshore Subclass 500 (Student) visa applications 
associated with providers in the higher education and vocational education and training 
sectors where the prioritisation threshold for a particular provider for a particular year 
has not been reached, based on PRISMS information.

OFFICIAL
(4) Delegates must accord Priority 2 to offshore Subclass 500 (Student) applications 
associated with providers in the higher education and vocational education and training 
sectors where the prioritisation threshold for a particular provider for a particular year 
has been reached, but where the upper threshold has not been reached, based on 
PRISMS information.
(5) Delegates must accord Priority 3 to offshore Subclass 500 (Student) visa applications 
associated with providers in the higher education and vocational education and training 
sectors where the upper threshold for the particular provider for a particular year has 
been reached, based on PRISMS information.
(6) For the purposes of determining processing priority of offshore Subclass 500 (Student) 
visa applications under subsections 7(3) to 7(5) above, in accordance with paragraph 
495A(l)(c) of the Act, delegates having functions in relation to establishing the order 
of considering and disposing of visa applications are directed to do the following:
a. establish what priority level of processing is available for a particular provider in 
a particular calendar year, based on PRISMS information; and
b. apply to that visa application the level of priority processing for the particular 
provider in the particular calendar year that is set out in PRISMS information.
(7) Certain visa applications are not subject to the arrangements in section 7(3) to 7(6) 
above and they are to be processed as either Priority 1 or Priority 2 as outlined in 
section 8.
(8) The prioritisation of offshore Subclass 500 (Student) visa applications in line with the 
annual indicative allocations of new overseas student commencements is not to be taken 
as a limit or cap upon the total number of visas that may be granted to students 
associated with any provider, nor is it to be taken as a suspension of visa processing. 
The indicative allocation for providers is a number used solely for the purposes of 
determining the number of visa applications to be processed in accordance with 
Priority 1, Priority 2 and Priority 3.
8 Order for considering and disposing of offshore Subclass 500 (Student) visa 
applications
(1) Delegates must consider and dispose of applications in accordance with the following 
sequence of priorities:
Priority 1
(a) an offshore Subclass 500 (Student) visa application associated with a provider in the 
higher education and vocational education and training sectors (excluding 
applications identified in section 8(l)(b)) where new overseas student 
commencements constitute less than a provider's prioritisation threshold for a 
particular year, as indicated in PRISMS;
Note: Once the prioritisation threshold for a provider has been reached, applications made in 
relation to the above sectors which are not otherwise in an exempt category as outlined below 
will be considered and disposed of in line with Priority 2 or Priority 3 processing.
(b) an offshore Subclass 500 (Student) visa application made by:
(i) a school student;
(ii) a non-award sector student, including short term exchange students;
(iii) a standalone ELICOS student;
(iv) a student enrolled with a TAFE Provider;
(v) a student enrolled in a pilot training course;
(vi) a student enrolled in a postgraduate research course;

OFFICIAL
(vii) a Foreign Affairs Student, Defence Student or student sponsored by 
the Commonwealth;
(viii) a scholarship student;
(ix) a student from the Pacific or Timor-Leste;
(x) a transnational education student;
(xi) a subsequent entrant in the circumstances outlined at subsection 8(4) 
below.
Priority 2
(2) An offshore Subclass 500 (Student) visa application:
(a) associated with a provider in the higher education and vocational education and 
training sectors (excluding the applications identified in section 8(l)(b)), where 
the number of new overseas student commencements constitute more than the 
provider's prioritisation threshold but less than their upper threshold in a 
particular calendar year, as indicated in PRISMS;
(b) made by a subsequent entrant in association with a Student visa holder, unless 
they fall in the category of subsequent entrant as per section 8(4) of this 
Direction.
Priority 3
(3) An offshore Subclass 500 (Student) visa application associated with a provider in the 
higher education and vocational education and training sectors (excluding the applications 
identified in section 8(l)(b)) where the number of new overseas student commencements 
has reached the provider's upper threshold for a particular calendar year, as indicated in 
PRISMS.
Subsequent entrants
(4) An offshore Subclass 500 (Student) visa application made by a subsequent entrant who is 
a minor, and an offshore Subclass 500 (Student) visa application made by a subsequent 
entrant with whom a minor has made a combined application, if the minor is:
(a) unmarried, and has not turned 18 at the time of application; and
(b) either:
(i) a dependent child of a primary applicant for, or primary visa holder of, a 
Subclass 500 (Student) visa; or
(ii) a dependent child of a spouse or de facto partner of a primary applicant for, or 
primary visa holder of, a Subclass 500 (Student) visa.",2025-11-14,https://immi.homeaffairs.gov.au/support-subsite/files/ministerial-direction-115.pdf,bronze/legislation-policy/homeaffairs_ministerial-direction-115_2025-11-14.pdf
Migration Act 1958 - Notice under subsection 96(1) - Specification of Pool Mark in relation to Applications for Skilled - Australian-sponsored Overseas Students (Residence) (Class DE) Subclass 881 Visas - June 2001,immigration,,,,https://www.legislation.gov.au/F2006B00559,bronze/legislation-policy/legislation_overseas-students-titles_asat-2026-08-09.json
Migration Act 1958 - Notice under subsection 96(2) - Specification of Pass Mark in relation to Applications for Skilled - Australian-sponsored Overseas Students (Residence) (Class DE) Subclass 881 Visas - June 2001,immigration,,,,https://www.legislation.gov.au/F2006B00558,bronze/legislation-policy/legislation_overseas-students-titles_asat-2026-08-09.json
Migration Legislation Amendment (Overseas Students) Act 2000,immigration,,,,https://www.legislation.gov.au/C2004A00761,bronze/legislation-policy/legislation_overseas-students-titles_asat-2026-08-09.json
