reason,institution_name,field_name,status,year,student_count,source_file
"HESSC group of many providers, not one institution; provider_type mixed",Non-University Higher Education Providers,"Agriculture, Environmental and Related Studies",domestic,2020,409,bronze/education-higher-ed/education_he-student-enrolments-pivot_2024.xlsx
"HESSC group of many providers, not one institution; provider_type mixed",Non-University Higher Education Providers,"Agriculture, Environmental and Related Studies",international,2020,29,bronze/education-higher-ed/education_he-student-enrolments-pivot_2024.xlsx
"HESSC group of many providers, not one institution; provider_type mixed",Non-University Higher Education Providers,Architecture and Building,domestic,2020,477,bronze/education-higher-ed/education_he-student-enrolments-pivot_2024.xlsx
"HESSC group of many providers, not one institution; provider_type mixed",Non-University Higher Education Providers,Architecture and Building,international,2020,215,bronze/education-higher-ed/education_he-student-enrolments-pivot_2024.xlsx
"HESSC group of many providers, not one institution; provider_type mixed",Non-University Higher Education Providers,Creative Arts,domestic,2020,10411,bronze/education-higher-ed/education_he-student-enrolments-pivot_2024.xlsx
"HESSC group of many providers, not one institution; provider_type mixed",Non-University Higher Education Providers,Creative Arts,international,2020,2918,bronze/education-higher-ed/education_he-student-enrolments-pivot_2024.xlsx
"HESSC group of many providers, not one institution; provider_type mixed",Non-University Higher Education Providers,Education,domestic,2020,1230,bronze/education-higher-ed/education_he-student-enrolments-pivot_2024.xlsx
"HESSC group of many providers, not one institution; provider_type mixed",Non-University Higher Education Providers,Education,international,2020,1227,bronze/education-higher-ed/education_he-student-enrolments-pivot_2024.xlsx
"HESSC group of many providers, not one institution; provider_type mixed",Non-University Higher Education Providers,Engineering and Related Technologies,domestic,2020,1069,bronze/education-higher-ed/education_he-student-enrolments-pivot_2024.xlsx
"HESSC group of many providers, not one institution; provider_type mixed",Non-University Higher Education Providers,Engineering and Related Technologies,international,2020,2354,bronze/education-higher-ed/education_he-student-enrolments-pivot_2024.xlsx
"HESSC group of many providers, not one institution; provider_type mixed",Non-University Higher Education Providers,"Food, Hospitality and Personal Services",domestic,2020,7,bronze/education-higher-ed/education_he-student-enrolments-pivot_2024.xlsx
"HESSC group of many providers, not one institution; provider_type mixed",Non-University Higher Education Providers,"Food, Hospitality and Personal Services",international,2020,203,bronze/education-higher-ed/education_he-student-enrolments-pivot_2024.xlsx
"HESSC group of many providers, not one institution; provider_type mixed",Non-University Higher Education Providers,Health,domestic,2020,9310,bronze/education-higher-ed/education_he-student-enrolments-pivot_2024.xlsx
"HESSC group of many providers, not one institution; provider_type mixed",Non-University Higher Education Providers,Health,international,2020,1661,bronze/education-higher-ed/education_he-student-enrolments-pivot_2024.xlsx
"HESSC group of many providers, not one institution; provider_type mixed",Non-University Higher Education Providers,Information Technology,domestic,2020,1750,bronze/education-higher-ed/education_he-student-enrolments-pivot_2024.xlsx
"HESSC group of many providers, not one institution; provider_type mixed",Non-University Higher Education Providers,Information Technology,international,2020,11933,bronze/education-higher-ed/education_he-student-enrolments-pivot_2024.xlsx
"HESSC group of many providers, not one institution; provider_type mixed",Non-University Higher Education Providers,Management and Commerce,domestic,2020,9632,bronze/education-higher-ed/education_he-student-enrolments-pivot_2024.xlsx
"HESSC group of many providers, not one institution; provider_type mixed",Non-University Higher Education Providers,Management and Commerce,international,2020,35099,bronze/education-higher-ed/education_he-student-enrolments-pivot_2024.xlsx
"HESSC group of many providers, not one institution; provider_type mixed",Non-University Higher Education Providers,Natural and Physical Sciences,domestic,2020,475,bronze/education-higher-ed/education_he-student-enrolments-pivot_2024.xlsx
"HESSC group of many providers, not one institution; provider_type mixed",Non-University Higher Education Providers,Natural and Physical Sciences,international,2020,373,bronze/education-higher-ed/education_he-student-enrolments-pivot_2024.xlsx
"HESSC group of many providers, not one institution; provider_type mixed",Non-University Higher Education Providers,Non-Award Courses,domestic,2020,265,bronze/education-higher-ed/education_he-student-enrolments-pivot_2024.xlsx
"HESSC group of many providers, not one institution; provider_type mixed",Non-University Higher Education Providers,Non-Award Courses,international,2020,253,bronze/education-higher-ed/education_he-student-enrolments-pivot_2024.xlsx
"HESSC group of many providers, not one institution; provider_type mixed",Non-University Higher Education Providers,Society and Culture,domestic,2020,22753,bronze/education-higher-ed/education_he-student-enrolments-pivot_2024.xlsx
"HESSC group of many providers, not one institution; provider_type mixed",Non-University Higher Education Providers,Society and Culture,international,2020,3708,bronze/education-higher-ed/education_he-student-enrolments-pivot_2024.xlsx
"HESSC group of many providers, not one institution; provider_type mixed",Non-University Higher Education Providers,"Agriculture, Environmental and Related Studies",domestic,2021,353,bronze/education-higher-ed/education_he-student-enrolments-pivot_2024.xlsx
"HESSC group of many providers, not one institution; provider_type mixed",Non-University Higher Education Providers,"Agriculture, Environmental and Related Studies",international,2021,29,bronze/education-higher-ed/education_he-student-enrolments-pivot_2024.xlsx
"HESSC group of many providers, not one institution; provider_type mixed",Non-University Higher Education Providers,Architecture and Building,domestic,2021,469,bronze/education-higher-ed/education_he-student-enrolments-pivot_2024.xlsx
"HESSC group of many providers, not one institution; provider_type mixed",Non-University Higher Education Providers,Architecture and Building,international,2021,197,bronze/education-higher-ed/education_he-student-enrolments-pivot_2024.xlsx
"HESSC group of many providers, not one institution; provider_type mixed",Non-University Higher Education Providers,Creative Arts,domestic,2021,11138,bronze/education-higher-ed/education_he-student-enrolments-pivot_2024.xlsx
"HESSC group of many providers, not one institution; provider_type mixed",Non-University Higher Education Providers,Creative Arts,international,2021,2531,bronze/education-higher-ed/education_he-student-enrolments-pivot_2024.xlsx
"HESSC group of many providers, not one institution; provider_type mixed",Non-University Higher Education Providers,Education,domestic,2021,1462,bronze/education-higher-ed/education_he-student-enrolments-pivot_2024.xlsx
"HESSC group of many providers, not one institution; provider_type mixed",Non-University Higher Education Providers,Education,international,2021,1593,bronze/education-higher-ed/education_he-student-enrolments-pivot_2024.xlsx
"HESSC group of many providers, not one institution; provider_type mixed",Non-University Higher Education Providers,Engineering and Related Technologies,domestic,2021,1074,bronze/education-higher-ed/education_he-student-enrolments-pivot_2024.xlsx
"HESSC group of many providers, not one institution; provider_type mixed",Non-University Higher Education Providers,Engineering and Related Technologies,international,2021,1906,bronze/education-higher-ed/education_he-student-enrolments-pivot_2024.xlsx
"HESSC group of many providers, not one institution; provider_type mixed",Non-University Higher Education Providers,"Food, Hospitality and Personal Services",domestic,2021,5,bronze/education-higher-ed/education_he-student-enrolments-pivot_2024.xlsx
"HESSC group of many providers, not one institution; provider_type mixed",Non-University Higher Education Providers,"Food, Hospitality and Personal Services",international,2021,209,bronze/education-higher-ed/education_he-student-enrolments-pivot_2024.xlsx
"HESSC group of many providers, not one institution; provider_type mixed",Non-University Higher Education Providers,Health,domestic,2021,9987,bronze/education-higher-ed/education_he-student-enrolments-pivot_2024.xlsx
"HESSC group of many providers, not one institution; provider_type mixed",Non-University Higher Education Providers,Health,international,2021,1570,bronze/education-higher-ed/education_he-student-enrolments-pivot_2024.xlsx
"HESSC group of many providers, not one institution; provider_type mixed",Non-University Higher Education Providers,Information Technology,domestic,2021,3041,bronze/education-higher-ed/education_he-student-enrolments-pivot_2024.xlsx
"HESSC group of many providers, not one institution; provider_type mixed",Non-University Higher Education Providers,Information Technology,international,2021,9826,bronze/education-higher-ed/education_he-student-enrolments-pivot_2024.xlsx
"HESSC group of many providers, not one institution; provider_type mixed",Non-University Higher Education Providers,Management and Commerce,domestic,2021,9709,bronze/education-higher-ed/education_he-student-enrolments-pivot_2024.xlsx
"HESSC group of many providers, not one institution; provider_type mixed",Non-University Higher Education Providers,Management and Commerce,international,2021,26946,bronze/education-higher-ed/education_he-student-enrolments-pivot_2024.xlsx
"HESSC group of many providers, not one institution; provider_type mixed",Non-University Higher Education Providers,Natural and Physical Sciences,domestic,2021,515,bronze/education-higher-ed/education_he-student-enrolments-pivot_2024.xlsx
"HESSC group of many providers, not one institution; provider_type mixed",Non-University Higher Education Providers,Natural and Physical Sciences,international,2021,305,bronze/education-higher-ed/education_he-student-enrolments-pivot_2024.xlsx
"HESSC group of many providers, not one institution; provider_type mixed",Non-University Higher Education Providers,Non-Award Courses,domestic,2021,257,bronze/education-higher-ed/education_he-student-enrolments-pivot_2024.xlsx
"HESSC group of many providers, not one institution; provider_type mixed",Non-University Higher Education Providers,Non-Award Courses,international,2021,119,bronze/education-higher-ed/education_he-student-enrolments-pivot_2024.xlsx
"HESSC group of many providers, not one institution; provider_type mixed",Non-University Higher Education Providers,Society and Culture,domestic,2021,22959,bronze/education-higher-ed/education_he-student-enrolments-pivot_2024.xlsx
"HESSC group of many providers, not one institution; provider_type mixed",Non-University Higher Education Providers,Society and Culture,international,2021,3862,bronze/education-higher-ed/education_he-student-enrolments-pivot_2024.xlsx
"HESSC group of many providers, not one institution; provider_type mixed",Non-University Higher Education Providers,"Agriculture, Environmental and Related Studies",domestic,2022,295,bronze/education-higher-ed/education_he-student-enrolments-pivot_2024.xlsx
"HESSC group of many providers, not one institution; provider_type mixed",Non-University Higher Education Providers,"Agriculture, Environmental and Related Studies",international,2022,28,bronze/education-higher-ed/education_he-student-enrolments-pivot_2024.xlsx
"HESSC group of many providers, not one institution; provider_type mixed",Non-University Higher Education Providers,Architecture and Building,domestic,2022,404,bronze/education-higher-ed/education_he-student-enrolments-pivot_2024.xlsx
"HESSC group of many providers, not one institution; provider_type mixed",Non-University Higher Education Providers,Architecture and Building,international,2022,145,bronze/education-higher-ed/education_he-student-enrolments-pivot_2024.xlsx
"HESSC group of many providers, not one institution; provider_type mixed",Non-University Higher Education Providers,Creative Arts,domestic,2022,10654,bronze/education-higher-ed/education_he-student-enrolments-pivot_2024.xlsx
"HESSC group of many providers, not one institution; provider_type mixed",Non-University Higher Education Providers,Creative Arts,international,2022,2541,bronze/education-higher-ed/education_he-student-enrolments-pivot_2024.xlsx
"HESSC group of many providers, not one institution; provider_type mixed",Non-University Higher Education Providers,Education,domestic,2022,1358,bronze/education-higher-ed/education_he-student-enrolments-pivot_2024.xlsx
"HESSC group of many providers, not one institution; provider_type mixed",Non-University Higher Education Providers,Education,international,2022,1971,bronze/education-higher-ed/education_he-student-enrolments-pivot_2024.xlsx
"HESSC group of many providers, not one institution; provider_type mixed",Non-University Higher Education Providers,Engineering and Related Technologies,domestic,2022,1196,bronze/education-higher-ed/education_he-student-enrolments-pivot_2024.xlsx
"HESSC group of many providers, not one institution; provider_type mixed",Non-University Higher Education Providers,Engineering and Related Technologies,international,2022,1970,bronze/education-higher-ed/education_he-student-enrolments-pivot_2024.xlsx
"HESSC group of many providers, not one institution; provider_type mixed",Non-University Higher Education Providers,"Food, Hospitality and Personal Services",domestic,2022,3,bronze/education-higher-ed/education_he-student-enrolments-pivot_2024.xlsx
"HESSC group of many providers, not one institution; provider_type mixed",Non-University Higher Education Providers,"Food, Hospitality and Personal Services",international,2022,227,bronze/education-higher-ed/education_he-student-enrolments-pivot_2024.xlsx
"HESSC group of many providers, not one institution; provider_type mixed",Non-University Higher Education Providers,Health,domestic,2022,8698,bronze/education-higher-ed/education_he-student-enrolments-pivot_2024.xlsx
"HESSC group of many providers, not one institution; provider_type mixed",Non-University Higher Education Providers,Health,international,2022,1901,bronze/education-higher-ed/education_he-student-enrolments-pivot_2024.xlsx
"HESSC group of many providers, not one institution; provider_type mixed",Non-University Higher Education Providers,Information Technology,domestic,2022,1564,bronze/education-higher-ed/education_he-student-enrolments-pivot_2024.xlsx
"HESSC group of many providers, not one institution; provider_type mixed",Non-University Higher Education Providers,Information Technology,international,2022,10301,bronze/education-higher-ed/education_he-student-enrolments-pivot_2024.xlsx
"HESSC group of many providers, not one institution; provider_type mixed",Non-University Higher Education Providers,Management and Commerce,domestic,2022,8923,bronze/education-higher-ed/education_he-student-enrolments-pivot_2024.xlsx
"HESSC group of many providers, not one institution; provider_type mixed",Non-University Higher Education Providers,Management and Commerce,international,2022,27294,bronze/education-higher-ed/education_he-student-enrolments-pivot_2024.xlsx
"HESSC group of many providers, not one institution; provider_type mixed",Non-University Higher Education Providers,Natural and Physical Sciences,domestic,2022,462,bronze/education-higher-ed/education_he-student-enrolments-pivot_2024.xlsx
"HESSC group of many providers, not one institution; provider_type mixed",Non-University Higher Education Providers,Natural and Physical Sciences,international,2022,229,bronze/education-higher-ed/education_he-student-enrolments-pivot_2024.xlsx
"HESSC group of many providers, not one institution; provider_type mixed",Non-University Higher Education Providers,Non-Award Courses,domestic,2022,290,bronze/education-higher-ed/education_he-student-enrolments-pivot_2024.xlsx
"HESSC group of many providers, not one institution; provider_type mixed",Non-University Higher Education Providers,Non-Award Courses,international,2022,210,bronze/education-higher-ed/education_he-student-enrolments-pivot_2024.xlsx
"HESSC group of many providers, not one institution; provider_type mixed",Non-University Higher Education Providers,Society and Culture,domestic,2022,21765,bronze/education-higher-ed/education_he-student-enrolments-pivot_2024.xlsx
"HESSC group of many providers, not one institution; provider_type mixed",Non-University Higher Education Providers,Society and Culture,international,2022,5121,bronze/education-higher-ed/education_he-student-enrolments-pivot_2024.xlsx
"HESSC group of many providers, not one institution; provider_type mixed",Non-University Higher Education Providers,"Agriculture, Environmental and Related Studies",domestic,2023,281,bronze/education-higher-ed/education_he-student-enrolments-pivot_2024.xlsx
"HESSC group of many providers, not one institution; provider_type mixed",Non-University Higher Education Providers,"Agriculture, Environmental and Related Studies",international,2023,41,bronze/education-higher-ed/education_he-student-enrolments-pivot_2024.xlsx
"HESSC group of many providers, not one institution; provider_type mixed",Non-University Higher Education Providers,Architecture and Building,domestic,2023,356,bronze/education-higher-ed/education_he-student-enrolments-pivot_2024.xlsx
"HESSC group of many providers, not one institution; provider_type mixed",Non-University Higher Education Providers,Architecture and Building,international,2023,181,bronze/education-higher-ed/education_he-student-enrolments-pivot_2024.xlsx
"HESSC group of many providers, not one institution; provider_type mixed",Non-University Higher Education Providers,Creative Arts,domestic,2023,10284,bronze/education-higher-ed/education_he-student-enrolments-pivot_2024.xlsx
"HESSC group of many providers, not one institution; provider_type mixed",Non-University Higher Education Providers,Creative Arts,international,2023,2485,bronze/education-higher-ed/education_he-student-enrolments-pivot_2024.xlsx
"HESSC group of many providers, not one institution; provider_type mixed",Non-University Higher Education Providers,Education,domestic,2023,1314,bronze/education-higher-ed/education_he-student-enrolments-pivot_2024.xlsx
"HESSC group of many providers, not one institution; provider_type mixed",Non-University Higher Education Providers,Education,international,2023,2743,bronze/education-higher-ed/education_he-student-enrolments-pivot_2024.xlsx
"HESSC group of many providers, not one institution; provider_type mixed",Non-University Higher Education Providers,Engineering and Related Technologies,domestic,2023,966,bronze/education-higher-ed/education_he-student-enrolments-pivot_2024.xlsx
"HESSC group of many providers, not one institution; provider_type mixed",Non-University Higher Education Providers,Engineering and Related Technologies,international,2023,2455,bronze/education-higher-ed/education_he-student-enrolments-pivot_2024.xlsx
"HESSC group of many providers, not one institution; provider_type mixed",Non-University Higher Education Providers,"Food, Hospitality and Personal Services",domestic,2023,42,bronze/education-higher-ed/education_he-student-enrolments-pivot_2024.xlsx
"HESSC group of many providers, not one institution; provider_type mixed",Non-University Higher Education Providers,"Food, Hospitality and Personal Services",international,2023,390,bronze/education-higher-ed/education_he-student-enrolments-pivot_2024.xlsx
"HESSC group of many providers, not one institution; provider_type mixed",Non-University Higher Education Providers,Health,domestic,2023,7869,bronze/education-higher-ed/education_he-student-enrolments-pivot_2024.xlsx
"HESSC group of many providers, not one institution; provider_type mixed",Non-University Higher Education Providers,Health,international,2023,2519,bronze/education-higher-ed/education_he-student-enrolments-pivot_2024.xlsx
"HESSC group of many providers, not one institution; provider_type mixed",Non-University Higher Education Providers,Information Technology,domestic,2023,1321,bronze/education-higher-ed/education_he-student-enrolments-pivot_2024.xlsx
"HESSC group of many providers, not one institution; provider_type mixed",Non-University Higher Education Providers,Information Technology,international,2023,15515,bronze/education-higher-ed/education_he-student-enrolments-pivot_2024.xlsx
"HESSC group of many providers, not one institution; provider_type mixed",Non-University Higher Education Providers,Management and Commerce,domestic,2023,19763,bronze/education-higher-ed/education_he-student-enrolments-pivot_2024.xlsx
"HESSC group of many providers, not one institution; provider_type mixed",Non-University Higher Education Providers,Management and Commerce,international,2023,32490,bronze/education-higher-ed/education_he-student-enrolments-pivot_2024.xlsx
"HESSC group of many providers, not one institution; provider_type mixed",Non-University Higher Education Providers,Natural and Physical Sciences,domestic,2023,363,bronze/education-higher-ed/education_he-student-enrolments-pivot_2024.xlsx
"HESSC group of many providers, not one institution; provider_type mixed",Non-University Higher Education Providers,Natural and Physical Sciences,international,2023,261,bronze/education-higher-ed/education_he-student-enrolments-pivot_2024.xlsx
"HESSC group of many providers, not one institution; provider_type mixed",Non-University Higher Education Providers,Non-Award Courses,domestic,2023,269,bronze/education-higher-ed/education_he-student-enrolments-pivot_2024.xlsx
"HESSC group of many providers, not one institution; provider_type mixed",Non-University Higher Education Providers,Non-Award Courses,international,2023,290,bronze/education-higher-ed/education_he-student-enrolments-pivot_2024.xlsx
"HESSC group of many providers, not one institution; provider_type mixed",Non-University Higher Education Providers,Society and Culture,domestic,2023,21007,bronze/education-higher-ed/education_he-student-enrolments-pivot_2024.xlsx
"HESSC group of many providers, not one institution; provider_type mixed",Non-University Higher Education Providers,Society and Culture,international,2023,7694,bronze/education-higher-ed/education_he-student-enrolments-pivot_2024.xlsx
"HESSC group of many providers, not one institution; provider_type mixed",Non-University Higher Education Providers,"Agriculture, Environmental and Related Studies",domestic,2024,335,bronze/education-higher-ed/education_he-student-enrolments-pivot_2024.xlsx
"HESSC group of many providers, not one institution; provider_type mixed",Non-University Higher Education Providers,"Agriculture, Environmental and Related Studies",international,2024,21,bronze/education-higher-ed/education_he-student-enrolments-pivot_2024.xlsx
"HESSC group of many providers, not one institution; provider_type mixed",Non-University Higher Education Providers,Architecture and Building,domestic,2024,386,bronze/education-higher-ed/education_he-student-enrolments-pivot_2024.xlsx
"HESSC group of many providers, not one institution; provider_type mixed",Non-University Higher Education Providers,Architecture and Building,international,2024,250,bronze/education-higher-ed/education_he-student-enrolments-pivot_2024.xlsx
"HESSC group of many providers, not one institution; provider_type mixed",Non-University Higher Education Providers,Creative Arts,domestic,2024,10471,bronze/education-higher-ed/education_he-student-enrolments-pivot_2024.xlsx
"HESSC group of many providers, not one institution; provider_type mixed",Non-University Higher Education Providers,Creative Arts,international,2024,2557,bronze/education-higher-ed/education_he-student-enrolments-pivot_2024.xlsx
"HESSC group of many providers, not one institution; provider_type mixed",Non-University Higher Education Providers,Education,domestic,2024,1519,bronze/education-higher-ed/education_he-student-enrolments-pivot_2024.xlsx
"HESSC group of many providers, not one institution; provider_type mixed",Non-University Higher Education Providers,Education,international,2024,5382,bronze/education-higher-ed/education_he-student-enrolments-pivot_2024.xlsx
"HESSC group of many providers, not one institution; provider_type mixed",Non-University Higher Education Providers,Engineering and Related Technologies,domestic,2024,950,bronze/education-higher-ed/education_he-student-enrolments-pivot_2024.xlsx
"HESSC group of many providers, not one institution; provider_type mixed",Non-University Higher Education Providers,Engineering and Related Technologies,international,2024,2915,bronze/education-higher-ed/education_he-student-enrolments-pivot_2024.xlsx
"HESSC group of many providers, not one institution; provider_type mixed",Non-University Higher Education Providers,"Food, Hospitality and Personal Services",domestic,2024,39,bronze/education-higher-ed/education_he-student-enrolments-pivot_2024.xlsx
"HESSC group of many providers, not one institution; provider_type mixed",Non-University Higher Education Providers,"Food, Hospitality and Personal Services",international,2024,332,bronze/education-higher-ed/education_he-student-enrolments-pivot_2024.xlsx
"HESSC group of many providers, not one institution; provider_type mixed",Non-University Higher Education Providers,Health,domestic,2024,7857,bronze/education-higher-ed/education_he-student-enrolments-pivot_2024.xlsx
"HESSC group of many providers, not one institution; provider_type mixed",Non-University Higher Education Providers,Health,international,2024,3478,bronze/education-higher-ed/education_he-student-enrolments-pivot_2024.xlsx
"HESSC group of many providers, not one institution; provider_type mixed",Non-University Higher Education Providers,Information Technology,domestic,2024,1310,bronze/education-higher-ed/education_he-student-enrolments-pivot_2024.xlsx
"HESSC group of many providers, not one institution; provider_type mixed",Non-University Higher Education Providers,Information Technology,international,2024,23180,bronze/education-higher-ed/education_he-student-enrolments-pivot_2024.xlsx
"HESSC group of many providers, not one institution; provider_type mixed",Non-University Higher Education Providers,Management and Commerce,domestic,2024,19433,bronze/education-higher-ed/education_he-student-enrolments-pivot_2024.xlsx
"HESSC group of many providers, not one institution; provider_type mixed",Non-University Higher Education Providers,Management and Commerce,international,2024,38983,bronze/education-higher-ed/education_he-student-enrolments-pivot_2024.xlsx
"HESSC group of many providers, not one institution; provider_type mixed",Non-University Higher Education Providers,Natural and Physical Sciences,domestic,2024,327,bronze/education-higher-ed/education_he-student-enrolments-pivot_2024.xlsx
"HESSC group of many providers, not one institution; provider_type mixed",Non-University Higher Education Providers,Natural and Physical Sciences,international,2024,319,bronze/education-higher-ed/education_he-student-enrolments-pivot_2024.xlsx
"HESSC group of many providers, not one institution; provider_type mixed",Non-University Higher Education Providers,Non-Award Courses,domestic,2024,235,bronze/education-higher-ed/education_he-student-enrolments-pivot_2024.xlsx
"HESSC group of many providers, not one institution; provider_type mixed",Non-University Higher Education Providers,Non-Award Courses,international,2024,461,bronze/education-higher-ed/education_he-student-enrolments-pivot_2024.xlsx
"HESSC group of many providers, not one institution; provider_type mixed",Non-University Higher Education Providers,Society and Culture,domestic,2024,21527,bronze/education-higher-ed/education_he-student-enrolments-pivot_2024.xlsx
"HESSC group of many providers, not one institution; provider_type mixed",Non-University Higher Education Providers,Society and Culture,international,2024,10907,bronze/education-higher-ed/education_he-student-enrolments-pivot_2024.xlsx
"HESSC group of many providers, not one institution; provider_type mixed",Private Universities and Non-University Higher Education Providers,Creative Arts,domestic,2020,305,bronze/education-higher-ed/education_he-student-enrolments-pivot_2024.xlsx
"HESSC group of many providers, not one institution; provider_type mixed",Private Universities and Non-University Higher Education Providers,Creative Arts,international,2020,131,bronze/education-higher-ed/education_he-student-enrolments-pivot_2024.xlsx
"HESSC group of many providers, not one institution; provider_type mixed",Private Universities and Non-University Higher Education Providers,Education,domestic,2020,206,bronze/education-higher-ed/education_he-student-enrolments-pivot_2024.xlsx
"HESSC group of many providers, not one institution; provider_type mixed",Private Universities and Non-University Higher Education Providers,Education,international,2020,2,bronze/education-higher-ed/education_he-student-enrolments-pivot_2024.xlsx
"HESSC group of many providers, not one institution; provider_type mixed",Private Universities and Non-University Higher Education Providers,Engineering and Related Technologies,domestic,2020,99,bronze/education-higher-ed/education_he-student-enrolments-pivot_2024.xlsx
"HESSC group of many providers, not one institution; provider_type mixed",Private Universities and Non-University Higher Education Providers,Engineering and Related Technologies,international,2020,225,bronze/education-higher-ed/education_he-student-enrolments-pivot_2024.xlsx
"HESSC group of many providers, not one institution; provider_type mixed",Private Universities and Non-University Higher Education Providers,Health,domestic,2020,88,bronze/education-higher-ed/education_he-student-enrolments-pivot_2024.xlsx
"HESSC group of many providers, not one institution; provider_type mixed",Private Universities and Non-University Higher Education Providers,Health,international,2020,141,bronze/education-higher-ed/education_he-student-enrolments-pivot_2024.xlsx
"HESSC group of many providers, not one institution; provider_type mixed",Private Universities and Non-University Higher Education Providers,Information Technology,domestic,2020,21,bronze/education-higher-ed/education_he-student-enrolments-pivot_2024.xlsx
"HESSC group of many providers, not one institution; provider_type mixed",Private Universities and Non-University Higher Education Providers,Information Technology,international,2020,224,bronze/education-higher-ed/education_he-student-enrolments-pivot_2024.xlsx
"HESSC group of many providers, not one institution; provider_type mixed",Private Universities and Non-University Higher Education Providers,Management and Commerce,domestic,2020,3014,bronze/education-higher-ed/education_he-student-enrolments-pivot_2024.xlsx
"HESSC group of many providers, not one institution; provider_type mixed",Private Universities and Non-University Higher Education Providers,Management and Commerce,international,2020,2562,bronze/education-higher-ed/education_he-student-enrolments-pivot_2024.xlsx
"HESSC group of many providers, not one institution; provider_type mixed",Private Universities and Non-University Higher Education Providers,Non-Award Courses,international,2020,15,bronze/education-higher-ed/education_he-student-enrolments-pivot_2024.xlsx
"HESSC group of many providers, not one institution; provider_type mixed",Private Universities and Non-University Higher Education Providers,Society and Culture,domestic,2020,1101,bronze/education-higher-ed/education_he-student-enrolments-pivot_2024.xlsx
"HESSC group of many providers, not one institution; provider_type mixed",Private Universities and Non-University Higher Education Providers,Society and Culture,international,2020,52,bronze/education-higher-ed/education_he-student-enrolments-pivot_2024.xlsx
"HESSC group of many providers, not one institution; provider_type mixed",Private Universities and Non-University Higher Education Providers,Creative Arts,domestic,2021,354,bronze/education-higher-ed/education_he-student-enrolments-pivot_2024.xlsx
"HESSC group of many providers, not one institution; provider_type mixed",Private Universities and Non-University Higher Education Providers,Creative Arts,international,2021,117,bronze/education-higher-ed/education_he-student-enrolments-pivot_2024.xlsx
"HESSC group of many providers, not one institution; provider_type mixed",Private Universities and Non-University Higher Education Providers,Education,domestic,2021,196,bronze/education-higher-ed/education_he-student-enrolments-pivot_2024.xlsx
"HESSC group of many providers, not one institution; provider_type mixed",Private Universities and Non-University Higher Education Providers,Education,international,2021,84,bronze/education-higher-ed/education_he-student-enrolments-pivot_2024.xlsx
"HESSC group of many providers, not one institution; provider_type mixed",Private Universities and Non-University Higher Education Providers,Engineering and Related Technologies,domestic,2021,119,bronze/education-higher-ed/education_he-student-enrolments-pivot_2024.xlsx
"HESSC group of many providers, not one institution; provider_type mixed",Private Universities and Non-University Higher Education Providers,Engineering and Related Technologies,international,2021,189,bronze/education-higher-ed/education_he-student-enrolments-pivot_2024.xlsx
"HESSC group of many providers, not one institution; provider_type mixed",Private Universities and Non-University Higher Education Providers,Health,domestic,2021,129,bronze/education-higher-ed/education_he-student-enrolments-pivot_2024.xlsx
"HESSC group of many providers, not one institution; provider_type mixed",Private Universities and Non-University Higher Education Providers,Health,international,2021,92,bronze/education-higher-ed/education_he-student-enrolments-pivot_2024.xlsx
"HESSC group of many providers, not one institution; provider_type mixed",Private Universities and Non-University Higher Education Providers,Information Technology,domestic,2021,35,bronze/education-higher-ed/education_he-student-enrolments-pivot_2024.xlsx
"HESSC group of many providers, not one institution; provider_type mixed",Private Universities and Non-University Higher Education Providers,Information Technology,international,2021,142,bronze/education-higher-ed/education_he-student-enrolments-pivot_2024.xlsx
"HESSC group of many providers, not one institution; provider_type mixed",Private Universities and Non-University Higher Education Providers,Management and Commerce,domestic,2021,2867,bronze/education-higher-ed/education_he-student-enrolments-pivot_2024.xlsx
"HESSC group of many providers, not one institution; provider_type mixed",Private Universities and Non-University Higher Education Providers,Management and Commerce,international,2021,1767,bronze/education-higher-ed/education_he-student-enrolments-pivot_2024.xlsx
"HESSC group of many providers, not one institution; provider_type mixed",Private Universities and Non-University Higher Education Providers,Non-Award Courses,international,2021,2,bronze/education-higher-ed/education_he-student-enrolments-pivot_2024.xlsx
"HESSC group of many providers, not one institution; provider_type mixed",Private Universities and Non-University Higher Education Providers,Society and Culture,domestic,2021,1107,bronze/education-higher-ed/education_he-student-enrolments-pivot_2024.xlsx
"HESSC group of many providers, not one institution; provider_type mixed",Private Universities and Non-University Higher Education Providers,Society and Culture,international,2021,51,bronze/education-higher-ed/education_he-student-enrolments-pivot_2024.xlsx
"HESSC group of many providers, not one institution; provider_type mixed",Private Universities and Non-University Higher Education Providers,Creative Arts,domestic,2022,322,bronze/education-higher-ed/education_he-student-enrolments-pivot_2024.xlsx
"HESSC group of many providers, not one institution; provider_type mixed",Private Universities and Non-University Higher Education Providers,Creative Arts,international,2022,113,bronze/education-higher-ed/education_he-student-enrolments-pivot_2024.xlsx
"HESSC group of many providers, not one institution; provider_type mixed",Private Universities and Non-University Higher Education Providers,Education,domestic,2022,179,bronze/education-higher-ed/education_he-student-enrolments-pivot_2024.xlsx
"HESSC group of many providers, not one institution; provider_type mixed",Private Universities and Non-University Higher Education Providers,Education,international,2022,185,bronze/education-higher-ed/education_he-student-enrolments-pivot_2024.xlsx
"HESSC group of many providers, not one institution; provider_type mixed",Private Universities and Non-University Higher Education Providers,Engineering and Related Technologies,domestic,2022,85,bronze/education-higher-ed/education_he-student-enrolments-pivot_2024.xlsx
"HESSC group of many providers, not one institution; provider_type mixed",Private Universities and Non-University Higher Education Providers,Engineering and Related Technologies,international,2022,166,bronze/education-higher-ed/education_he-student-enrolments-pivot_2024.xlsx
"HESSC group of many providers, not one institution; provider_type mixed",Private Universities and Non-University Higher Education Providers,Health,domestic,2022,141,bronze/education-higher-ed/education_he-student-enrolments-pivot_2024.xlsx
"HESSC group of many providers, not one institution; provider_type mixed",Private Universities and Non-University Higher Education Providers,Health,international,2022,80,bronze/education-higher-ed/education_he-student-enrolments-pivot_2024.xlsx
"HESSC group of many providers, not one institution; provider_type mixed",Private Universities and Non-University Higher Education Providers,Information Technology,domestic,2022,36,bronze/education-higher-ed/education_he-student-enrolments-pivot_2024.xlsx
"HESSC group of many providers, not one institution; provider_type mixed",Private Universities and Non-University Higher Education Providers,Information Technology,international,2022,163,bronze/education-higher-ed/education_he-student-enrolments-pivot_2024.xlsx
"HESSC group of many providers, not one institution; provider_type mixed",Private Universities and Non-University Higher Education Providers,Management and Commerce,domestic,2022,2664,bronze/education-higher-ed/education_he-student-enrolments-pivot_2024.xlsx
"HESSC group of many providers, not one institution; provider_type mixed",Private Universities and Non-University Higher Education Providers,Management and Commerce,international,2022,1756,bronze/education-higher-ed/education_he-student-enrolments-pivot_2024.xlsx
"HESSC group of many providers, not one institution; provider_type mixed",Private Universities and Non-University Higher Education Providers,Society and Culture,domestic,2022,1157,bronze/education-higher-ed/education_he-student-enrolments-pivot_2024.xlsx
"HESSC group of many providers, not one institution; provider_type mixed",Private Universities and Non-University Higher Education Providers,Society and Culture,international,2022,68,bronze/education-higher-ed/education_he-student-enrolments-pivot_2024.xlsx
"HESSC group of many providers, not one institution; provider_type mixed",Private Universities and Non-University Higher Education Providers,Creative Arts,domestic,2023,335,bronze/education-higher-ed/education_he-student-enrolments-pivot_2024.xlsx
"HESSC group of many providers, not one institution; provider_type mixed",Private Universities and Non-University Higher Education Providers,Creative Arts,international,2023,143,bronze/education-higher-ed/education_he-student-enrolments-pivot_2024.xlsx
"HESSC group of many providers, not one institution; provider_type mixed",Private Universities and Non-University Higher Education Providers,Education,domestic,2023,203,bronze/education-higher-ed/education_he-student-enrolments-pivot_2024.xlsx
"HESSC group of many providers, not one institution; provider_type mixed",Private Universities and Non-University Higher Education Providers,Education,international,2023,502,bronze/education-higher-ed/education_he-student-enrolments-pivot_2024.xlsx
"HESSC group of many providers, not one institution; provider_type mixed",Private Universities and Non-University Higher Education Providers,Engineering and Related Technologies,domestic,2023,80,bronze/education-higher-ed/education_he-student-enrolments-pivot_2024.xlsx
"HESSC group of many providers, not one institution; provider_type mixed",Private Universities and Non-University Higher Education Providers,Engineering and Related Technologies,international,2023,173,bronze/education-higher-ed/education_he-student-enrolments-pivot_2024.xlsx
"HESSC group of many providers, not one institution; provider_type mixed",Private Universities and Non-University Higher Education Providers,Health,domestic,2023,161,bronze/education-higher-ed/education_he-student-enrolments-pivot_2024.xlsx
"HESSC group of many providers, not one institution; provider_type mixed",Private Universities and Non-University Higher Education Providers,Health,international,2023,127,bronze/education-higher-ed/education_he-student-enrolments-pivot_2024.xlsx
"HESSC group of many providers, not one institution; provider_type mixed",Private Universities and Non-University Higher Education Providers,Information Technology,domestic,2023,33,bronze/education-higher-ed/education_he-student-enrolments-pivot_2024.xlsx
"HESSC group of many providers, not one institution; provider_type mixed",Private Universities and Non-University Higher Education Providers,Information Technology,international,2023,213,bronze/education-higher-ed/education_he-student-enrolments-pivot_2024.xlsx
"HESSC group of many providers, not one institution; provider_type mixed",Private Universities and Non-University Higher Education Providers,Management and Commerce,domestic,2023,2587,bronze/education-higher-ed/education_he-student-enrolments-pivot_2024.xlsx
"HESSC group of many providers, not one institution; provider_type mixed",Private Universities and Non-University Higher Education Providers,Management and Commerce,international,2023,1886,bronze/education-higher-ed/education_he-student-enrolments-pivot_2024.xlsx
"HESSC group of many providers, not one institution; provider_type mixed",Private Universities and Non-University Higher Education Providers,Society and Culture,domestic,2023,1004,bronze/education-higher-ed/education_he-student-enrolments-pivot_2024.xlsx
"HESSC group of many providers, not one institution; provider_type mixed",Private Universities and Non-University Higher Education Providers,Society and Culture,international,2023,138,bronze/education-higher-ed/education_he-student-enrolments-pivot_2024.xlsx
"HESSC group of many providers, not one institution; provider_type mixed",Private Universities and Non-University Higher Education Providers,Creative Arts,domestic,2024,302,bronze/education-higher-ed/education_he-student-enrolments-pivot_2024.xlsx
"HESSC group of many providers, not one institution; provider_type mixed",Private Universities and Non-University Higher Education Providers,Creative Arts,international,2024,132,bronze/education-higher-ed/education_he-student-enrolments-pivot_2024.xlsx
"HESSC group of many providers, not one institution; provider_type mixed",Private Universities and Non-University Higher Education Providers,Education,domestic,2024,203,bronze/education-higher-ed/education_he-student-enrolments-pivot_2024.xlsx
"HESSC group of many providers, not one institution; provider_type mixed",Private Universities and Non-University Higher Education Providers,Education,international,2024,2351,bronze/education-higher-ed/education_he-student-enrolments-pivot_2024.xlsx
"HESSC group of many providers, not one institution; provider_type mixed",Private Universities and Non-University Higher Education Providers,Engineering and Related Technologies,domestic,2024,78,bronze/education-higher-ed/education_he-student-enrolments-pivot_2024.xlsx
"HESSC group of many providers, not one institution; provider_type mixed",Private Universities and Non-University Higher Education Providers,Engineering and Related Technologies,international,2024,184,bronze/education-higher-ed/education_he-student-enrolments-pivot_2024.xlsx
"HESSC group of many providers, not one institution; provider_type mixed",Private Universities and Non-University Higher Education Providers,Health,domestic,2024,165,bronze/education-higher-ed/education_he-student-enrolments-pivot_2024.xlsx
"HESSC group of many providers, not one institution; provider_type mixed",Private Universities and Non-University Higher Education Providers,Health,international,2024,128,bronze/education-higher-ed/education_he-student-enrolments-pivot_2024.xlsx
"HESSC group of many providers, not one institution; provider_type mixed",Private Universities and Non-University Higher Education Providers,Information Technology,domestic,2024,40,bronze/education-higher-ed/education_he-student-enrolments-pivot_2024.xlsx
"HESSC group of many providers, not one institution; provider_type mixed",Private Universities and Non-University Higher Education Providers,Information Technology,international,2024,185,bronze/education-higher-ed/education_he-student-enrolments-pivot_2024.xlsx
"HESSC group of many providers, not one institution; provider_type mixed",Private Universities and Non-University Higher Education Providers,Management and Commerce,domestic,2024,2383,bronze/education-higher-ed/education_he-student-enrolments-pivot_2024.xlsx
"HESSC group of many providers, not one institution; provider_type mixed",Private Universities and Non-University Higher Education Providers,Management and Commerce,international,2024,1737,bronze/education-higher-ed/education_he-student-enrolments-pivot_2024.xlsx
"HESSC group of many providers, not one institution; provider_type mixed",Private Universities and Non-University Higher Education Providers,Non-Award Courses,international,2024,18,bronze/education-higher-ed/education_he-student-enrolments-pivot_2024.xlsx
"HESSC group of many providers, not one institution; provider_type mixed",Private Universities and Non-University Higher Education Providers,Society and Culture,domestic,2024,1090,bronze/education-higher-ed/education_he-student-enrolments-pivot_2024.xlsx
"HESSC group of many providers, not one institution; provider_type mixed",Private Universities and Non-University Higher Education Providers,Society and Culture,international,2024,156,bronze/education-higher-ed/education_he-student-enrolments-pivot_2024.xlsx
"institution not in institutions.csv (not on CRICOS, provider_type unknown)",Batchelor Institute of Indigenous Tertiary Education,Society and Culture,domestic,2020,26,bronze/education-higher-ed/education_he-student-enrolments-pivot_2024.xlsx
"institution not in institutions.csv (not on CRICOS, provider_type unknown)",Batchelor Institute of Indigenous Tertiary Education,Society and Culture,domestic,2021,15,bronze/education-higher-ed/education_he-student-enrolments-pivot_2024.xlsx
"institution not in institutions.csv (not on CRICOS, provider_type unknown)",Batchelor Institute of Indigenous Tertiary Education,Society and Culture,domestic,2022,18,bronze/education-higher-ed/education_he-student-enrolments-pivot_2024.xlsx
"institution not in institutions.csv (not on CRICOS, provider_type unknown)",Batchelor Institute of Indigenous Tertiary Education,Society and Culture,domestic,2023,28,bronze/education-higher-ed/education_he-student-enrolments-pivot_2024.xlsx
"institution not in institutions.csv (not on CRICOS, provider_type unknown)",Batchelor Institute of Indigenous Tertiary Education,Society and Culture,domestic,2024,22,bronze/education-higher-ed/education_he-student-enrolments-pivot_2024.xlsx
"institution not in institutions.csv (not on CRICOS, provider_type unknown)",Carnegie Mellon University Australia,Information Technology,domestic,2020,2,bronze/education-higher-ed/education_he-student-enrolments-pivot_2024.xlsx
"institution not in institutions.csv (not on CRICOS, provider_type unknown)",Carnegie Mellon University Australia,Information Technology,international,2020,72,bronze/education-higher-ed/education_he-student-enrolments-pivot_2024.xlsx
"institution not in institutions.csv (not on CRICOS, provider_type unknown)",Carnegie Mellon University Australia,Management and Commerce,domestic,2020,9,bronze/education-higher-ed/education_he-student-enrolments-pivot_2024.xlsx
"institution not in institutions.csv (not on CRICOS, provider_type unknown)",Carnegie Mellon University Australia,Management and Commerce,international,2020,12,bronze/education-higher-ed/education_he-student-enrolments-pivot_2024.xlsx
"institution not in institutions.csv (not on CRICOS, provider_type unknown)",Carnegie Mellon University Australia,Information Technology,domestic,2021,2,bronze/education-higher-ed/education_he-student-enrolments-pivot_2024.xlsx
"institution not in institutions.csv (not on CRICOS, provider_type unknown)",Carnegie Mellon University Australia,Information Technology,international,2021,164,bronze/education-higher-ed/education_he-student-enrolments-pivot_2024.xlsx
"institution not in institutions.csv (not on CRICOS, provider_type unknown)",Carnegie Mellon University Australia,Management and Commerce,domestic,2021,6,bronze/education-higher-ed/education_he-student-enrolments-pivot_2024.xlsx
"institution not in institutions.csv (not on CRICOS, provider_type unknown)",Carnegie Mellon University Australia,Management and Commerce,international,2021,30,bronze/education-higher-ed/education_he-student-enrolments-pivot_2024.xlsx
"institution not in institutions.csv (not on CRICOS, provider_type unknown)",Carnegie Mellon University Australia,Information Technology,domestic,2022,3,bronze/education-higher-ed/education_he-student-enrolments-pivot_2024.xlsx
"institution not in institutions.csv (not on CRICOS, provider_type unknown)",Carnegie Mellon University Australia,Information Technology,international,2022,102,bronze/education-higher-ed/education_he-student-enrolments-pivot_2024.xlsx
"institution not in institutions.csv (not on CRICOS, provider_type unknown)",Carnegie Mellon University Australia,Management and Commerce,domestic,2022,10,bronze/education-higher-ed/education_he-student-enrolments-pivot_2024.xlsx
"institution not in institutions.csv (not on CRICOS, provider_type unknown)",Carnegie Mellon University Australia,Management and Commerce,international,2022,14,bronze/education-higher-ed/education_he-student-enrolments-pivot_2024.xlsx
"institution not in institutions.csv (not on CRICOS, provider_type unknown)",Carnegie Mellon University Australia,Information Technology,international,2023,7,bronze/education-higher-ed/education_he-student-enrolments-pivot_2024.xlsx
"institution not in institutions.csv (not on CRICOS, provider_type unknown)",Carnegie Mellon University Australia,Management and Commerce,international,2023,6,bronze/education-higher-ed/education_he-student-enrolments-pivot_2024.xlsx
